category_id,product_id,product_name,brand_name,color,unit_price,size
1003-1,3A82FJ6AX42,Nourishing Body Lotion,Enchant,Default,129.75,L
1003-1,8KA0AH7TX82,Hydrating Body Lotion,Seraphina,Default,186.21,L
1003-1,7KN6VV9CC93,Refreshing Body Lotion,Vevo,Default,53.76,M
1003-1,4VG8GT2RW98,Rejuvenating Facial Serum,Lumina,Default,185.47,L
1003-1,1PV1YY8VP72,Illuminating Facial Serum,RadiantGlow,Default,33.99,L
1003-1,3K49CK5RR81,Soothing Body Lotion,Amara,Default,88.05,M
1003-1,8NE5X18FU50,Revitalizing Facial Serum,BellaNova,Default,68.68,L
1003-1,9K66DJ1QE01,Age-Defying Facial Serum,Seraphina,Default,114.05,S
1003-1,9DE8F03CM88,Anti-Aging Facial Serum,Vevo,Default,182.09,S
1003-1,1QV1HG8DJ12,Brightening Facial Serum,OpalAura,Default,220.34,L
1003-1,1WM1JK8UM13,Moisturizing Facial Serum,BellaNova,Default,133.34,S
1003-1,5Y57Q10JK69,Trendy Hair Clips,Lumina,Default,118.34,Free
1003-1,2M34A72VX76,Fashionable Hair Clips,OpalAura,Default,214.17,Free
1003-1,6GX5N08EG75,Colorful Hair Cluster,Enchant,Default,31.63,Free
1003-1,9TT6V86CX90,Decorative Hair Cluster,Lumina,Default,54.04,Free
1003-1,7AA8AU5JW27,Adorable Hair Conditioner,OpalAura,Default,55.64,L
1003-1,4JQ7UD8WH52,Silky Hair Conditioner,Seraphina,Default,64.9,L
1003-1,7TK9HX8JK43,Invigorating Hair Conditioner,BellaNova,Default,10.9,L
1003-1,6KP8W20GD67,Nourishing Hair Conditioner,Vevo,Default,88.14,M
1003-1,8J15AG0YG79,Refreshing Hair Conditioner,RadiantGlow,Default,22.31,M
1003-1,3HA9HX7DX66,Restorative Hair Conditioner,Lumina,Default,168.2,M
1003-1,6QN4GQ6KE56,Hydrating Hair Conditioner,Amara,Default,46.35,S
1003-1,9M53FT3UQ16,Revitalizing Hydrating Mask,OpalAura,Default,143.2,S
1003-1,7R17Y59UN27,Soothing Hydrating Mask,Enchant,Default,125.25,Free
1003-1,8XY2MD0ND57,Replenishing Hydrating Mask,BellaNova,Default,72.4,Free
1003-1,3NV4JV4FN23,Detoxifying Hydrating Mask,Vevo,Default,217.93,Free
1003-1,4GW3CF2HU62,Luxurious Makeup Bag,Seraphina,Default,161.38,L
1003-1,1DA6RG8RP66,Chic Makeup Bag,RadiantGlow,Default,148.43,M
1003-1,3QM8DH6RP12,Portable Makeup Brush Set,Amara,Default,155.55,Free
1003-1,3MN8HA6RG92,Travel-Friendly Makeup Brush Set,Lumina,Default,86.33,Free
1003-1,3RF5N51PY30,Professional Makeup Brush Set,Vevo,Default,156.79,Free
1003-1,8MR2XE3DE08,Premium Makeup Brush Set,Enchant,Default,172.06,Free
1003-1,4CD9JT2FQ34,Hydrating Makeup Primer,BellaNova,Default,199.93,Free
1003-1,9AQ7AM9TQ26,Long-Lasting Makeup Primer,OpalAura,Default,112.9,Free
1003-1,2JE4H34WT54,Pore-Minimizing Makeup Primer,Seraphina,Default,114.46,Free
1003-1,3CW4TY1MG99,Illuminating Makeup Remover,RadiantGlow,Default,220.59,Free
1003-1,3Y69XU2QU84,Gentle Makeup Remover,Amara,Default,89.33,Free
1003-1,4PR1W64RM57,Soothing Makeup Remover,Lumina,Default,16.16,Free
1003-1,6RA9TJ1GH72,Moisturizing Makeup Sponge,Seraphina,Default,136.11,Free
1003-1,8YX3V11WQ29,Soft Makeup Sponge,Vevo,Default,121.99,Free
1003-1,1DW6N60KX24,Blendable Makeup Sponge,Enchant,Default,97.43,Free
1003-1,7G38QH7WJ19,Refreshing Shampoo,BellaNova,Default,19.01,L
1003-1,1YY5Q64KM49,Volumizing Shampoo,Lumina,Default,93.21,L
1003-1,8UH6GN1HK24,Strengthening Shampoo,OpalAura,Default,5.57,M
1003-1,6XD5GJ7AK48,Nourishing Shampoo,RadiantGlow,Default,1.29,M
1003-1,3EC6W47UK17,Hydrating Shampoo,Amara,Default,122.79,M
1003-1,3NE1RT0HK79,Lightweight Sunscreen Lotion,Vevo,Default,2.63,M
1003-1,9EW2W90DW49,Broad-Spectrum Sunscreen Lotion,Seraphina,Default,133.85,M
1003-1,3GK2F78TA33,Water-Resistant Sunscreen Lotion,OpalAura,Default,201.63,XL
1003-1,9E05YV9HP95,Fast-Absorbing Sunscreen Lotion,Enchant,Default,64.77,L
1003-1,9A66H64FA64,Gentle Hair Clips,RadiantGlow,Default,21.79,Free
1003-1,5DV7HW6YJ77,Stylish Hair Clips,Amara,Default,155.86,Free
1003-2,5V72QU1VT04,Rejuvenating Facial Serum,RadiantGlow,Default,116.83,XL
1003-2,6U92YW7WT02,Illuminating Facial Serum,Amara,Default,214.74,XL
1003-2,5M43E84KE58,Refreshing Body Lotion,BellaNova,Default,162.59,L
1003-2,6QN2ME5GY93,Silky Hair Conditioner,Enchant,Default,118.37,L
1003-2,8YD1C57FP74,Invigorating Hair Conditioner,Vevo,Default,10.78,M
1003-2,7Q83EM8NH08,Nourishing Hair Conditioner,Seraphina,Default,191.66,M
1003-2,9Q38HC4YY51,Refreshing Hair Conditioner,OpalAura,Default,71.36,M
1003-2,1JC7FK2FH11,Revitalizing Hydrating Mask,Lumina,Default,130.62,L
1003-2,4ER3FJ0EN92,Soothing Hydrating Mask,RadiantGlow,Default,54.02,Free
1003-2,6U77T35DM05,Replenishing Hydrating Mask,Amara,Default,131.43,Free
1003-2,6NJ9KW1AG66,Volumizing Shampoo,Seraphina,Default,36.56,Free
1003-2,2H07HR3AN89,Strengthening Shampoo,Lumina,Default,77.55,L
1003-2,5JP7RD2NC09,Nourishing Shampoo,OpalAura,Default,174.13,XL
1003-2,9W52M81YM44,Protective Facial Serum,BellaNova,Default,18.53,L
1003-2,6C91Y31QY35,Non-Greasy Sunscreen Lotion,Lumina,Default,115.69,L
1003-3,4QY5R72DW39,Soothing Bath Salts,RadiantGlow,Default,217.14,Free
1003-3,7V63DN7DW04,Invigorating Bath Salts,Enchant,Default,212.19,Free
1003-3,5A20D67VT39,Soft Body Sponge,Amara,Default,65.37,Free
1003-3,5U52CC8GH71,Exfoliating Body Sponge,BellaNova,Default,124.38,Free
1003-3,6T18UE2MG02,Nourishing Cuticle Oil,Enchant,Default,185.68,M
1003-3,6R52FT7YV67,Moisturizing Cuticle Oil,RadiantGlow,Default,4.16,M
1003-3,7VK9JC2VX26,Gentle Body Sponge,Vevo,Default,45.56,Free
1003-3,2DU7GR0DX38,Brightening Eye Cream,Lumina,Default,186.92,S
1003-3,6XF6X28UA07,Revitalizing Eye Cream,Vevo,Default,168.62,S
1003-3,2E07KU3FV22,Hydrating Eye Mask,OpalAura,Default,182.75,Free
1003-3,5JV1DE6VF86,Nourishing Eye Cream,Seraphina,Default,168.92,M
1003-3,8KY3UW1QH24,Relaxing Bath Salts,BellaNova,Default,85.67,Free
1003-3,1KU4PN8FU70,Long-Lasting Eyebrow Gel,Lumina,Default,36.4,Free
1003-3,8T91R76RF07,Waterproof Eyeliner,BellaNova,Default,91.31,Free
1003-3,7P28TW5UU29,Smudge-Proof Eyeliner,Vevo,Default,98.64,Free
1003-3,7WR0V16TK88,Precision Eyeliner,RadiantGlow,Default,170.3,Free
1003-3,8UX4R50XW13,Hypoallergenic Eyeliner,Enchant,Default,37.94,Free
1003-3,9VK3PF6EC62,Refreshing Face Mist,OpalAura,Default,51.4,M
1003-3,1UG9RX8HY49,Hydrating Face Mist,Amara,Default,15.27,M
1003-3,2CK0E38RK68,Illuminating Face Mist,Vevo,Default,136.23,L
1003-3,3RD1TJ7EE93,Detoxifying Hair Brush,BellaNova,Default,71.28,Free
1003-3,6DH0CR6YT43,Gentle Hair Brush,Lumina,Default,160.34,Free
1003-3,1KW3YF4EC69,Detangling Hair Brush,OpalAura,Default,8.27,Free
1003-3,8WC2D42XG58,Soothing Eye Mask,Amara,Default,145.18,Free
1003-3,2W95F11UN72,Nourishing Eyebrow Gel,Seraphina,Default,124.02,Free
1003-3,2T71VX5XA58,Hydrating Hair Mask,Amara,Default,208.65,Free
1003-3,9ER6Q43MT36,Restorative Hair Mask,Enchant,Default,109.56,Free
1003-3,2V49D19KW86,Nourishing Hand Cream,Lumina,Default,3.13,M
1003-3,1VR9RD2WF74,Hydrating Hand Cream,OpalAura,Default,210.34,M
1003-3,4A09WC9YA68,Soothing Hand Cream,BellaNova,Default,176.94,L
1003-3,1X88NM1JN79,Moisturizing Lip Balm,Vevo,Default,5.29,Free
1003-3,7KK4QD6VJ27,Nourishing Lip Balm,RadiantGlow,Default,118.66,Free
1003-3,9K01WN2TX11,Hydrating Lip Balm,Amara,Default,163.88,Free
1003-3,5NR9NC6JU43,Precision Nail Clippers,Seraphina,Default,142.85,Free
1003-3,2N71F96TV82,Professional Nail Clippers,Enchant,Default,15.53,Free
1003-3,5G81JY9KG59,High-Quality Nail Clippers,Vevo,Default,19.29,Free
1003-3,4HY3UV0DE84,Long-Lasting Nail Polish,Lumina,Default,11.66,Free
1003-3,3MU3UX0CD24,Quick-Drying Nail Polish,OpalAura,Default,175.71,Free
1003-3,3M83MY9QY56,Chip-Resistant Nail Polish,BellaNova,Default,156.15,Free
1003-3,2GR7CV3QV32,Waterproof Shower Cap,RadiantGlow,Default,14.7,Free
1003-3,2Y60F83UJ37,Stylish Shower Cap,Amara,Default,17.04,Free
1003-3,1Y86YY9GV56,Reusable Shower Cap,Seraphina,Default,22.44,Free
1003-3,4RX6DV6WP36,Rejuvenating Hair Mask,Seraphina,Default,204.88,Free
1003-3,3YU5J55MN22,Nourishing Hair Mask,RadiantGlow,Default,50.12,Free
1001-1,1V55GE7CU41,Whispers of Wonder,Whispering Willow Publishing,Default,38.19,Default
1001-1,5PV5D00DW17,Whispers of the Soul,Celestial Books,Default,30.22,Default
1001-1,6NC4AV4RC77,Whispers of the Heart,Mystic Press,Default,47.38,Default
1001-1,3YD6TE9HQ38,Whispers of Wisdom,Twilight Publications,Default,12.58,Default
1001-1,5WA6QY1DD00,Whispers of the Wind,Whispering Willow Publishing,Default,32.61,Default
1001-1,4QU5NY0KF75,Whispering Waters,Serenity Books,Default,39.41,Default
1001-1,2D81JA7WG42,Whispering Voices,Enchant,Default,51.78,Default
1001-1,4VT0G87GW95,Whispering Winds,Mystic Press,Default,28.91,Default
1001-1,7WM0DW1XK44,Whispering Whispers,Twilight Publications,Default,13.83,Default
1001-1,6CT0GT3GM72,Whispering Meadows,Whispering Willow Publishing,Default,16.16,Default
1001-1,8NE7U26UQ11,Whispering Legends,Celestial Books,Default,50.18,Default
1001-1,3M19DG1GJ41,Whispering Echoes,Everglow Publications,Default,21.55,Default
1001-1,5N39QV6HW39,The Whispering Woods,Everglow Publications,Default,38.06,Default
1001-1,6AQ0QD0VQ97,The Silent Symphony,Celestial Books,Default,24.15,Default
1001-1,7C94KT1YQ97,The Secret Garden,Everglow Publications,Default,43.6,Default
1001-1,1R23DY0QV25,The Midnight Garden,Twilight Publications,Default,27.6,Default
1001-1,9WD2E23GK34,The Hidden Forest,Serenity Books,Default,45.85,Default
1001-1,8QF7N66QQ32,The Enchanted Lake,Celestial Books,Default,49.09,Default
1001-1,8K97AE2VE45,The Enchanted Garden,Serenity Books,Default,37.26,Default
1001-1,6UN3CD7YJ50,The Enchanted Forest,Moonlit Press,Default,28.62,Default
1001-1,8FY9Q29QR12,Whispering Tides,Stardust Publishing,Default,31.96,Default
1001-1,1VP3X75GX09,Whispering Secrets,Enchant,Default,44.49,Default
1001-1,9GE1XX4DP54,Starlight Symphony,Mystic Press,Default,28.38,Default
1001-1,8C14J72CQ11,Starlight Sonata,Mystic Press,Default,44.43,Default
1001-1,2RV8PE2YY41,Starlight Shadows,Aurora Books,Default,14.8,Default
1001-1,9MF5TK4JD05,Starlight Serenade,Everglow Publications,Default,0.43,Default
1001-1,8J42UQ1UW92,Starlight Adventures,Enchant,Default,3.01,Default
1001-1,8NK1AD8FJ35,Songs of the Soul,Twilight Publications,Default,30.83,Default
1001-1,1VY5X56HD78,Songs of the Sky,Mystic Press,Default,43.43,Default
1001-1,8M95T99FE41,Songs of Sorrow,Moonlit Press,Default,38.07,Default
1001-1,8G35TA9RY08,Songs of Solitude,Whispering Willow Publishing,Default,28.26,Default
1001-1,3DD5KX0DW16,Shadows of Silence,Stardust Publishing,Default,18.23,Default
1001-1,9GH4AV7XV99,Serenity Falls,Stardust Publishing,Default,1.14,Default
1001-1,2G08AR3RT08,Tales of Twilight,Moonlit Press,Default,15.2,Default
1001-1,4ND6W41QW92,Starlight Visions,Serenity Books,Default,34.91,Default
1001-1,4JC6XJ5PV68,Serenade of Solitude,Twilight Publications,Default,7.7,Default
1001-1,8WX9T98EC83,Serenade of Shadows,Celestial Books,Default,52.11,Default
1001-1,6HP6PN8HR49,Secrets of the Night,Aurora Books,Default,16.37,Default
1001-1,1NW1NY0PP73,Moonlit Whispers,Whispering Willow Publishing,Default,50.61,Default
1001-1,1QE4JU4NN11,Moonlit Reflections,Everglow Publications,Default,52.51,Default
1001-1,7E52K85VN57,Moonlit Mysteries,Whispering Willow Publishing,Default,26.89,Default
1001-1,5XN8A33AQ51,Moonlit Musings,Serenity Books,Default,25.19,Default
1001-1,2EQ5WP3MN59,Moonlit Moments,Everglow Publications,Default,47.25,Default
1001-1,3XA6E01PG70,Moonlit Memories,Whispering Willow Publishing,Default,34.93,Default
1001-1,2N70DH5QP80,Moonlit Melodies,Enchant,Default,21.72,Default
1001-1,9J72C51NG07,Moonlit Magic,Everglow Publications,Default,5.94,Default
1001-1,2Q58KN3WF43,Moonlit Escapes,Serenity Books,Default,5.81,Default
1001-1,9W78TC5EQ21,Moonlit Adventures,Moonlit Press,Default,25.43,Default
1001-1,9WF1N45DR56,Midnight Serenade,Moonlit Press,Default,34.56,Default
1001-1,7DR2E19WJ69,Midnight Memories,Stardust Publishing,Default,39.05,Default
1001-1,2X31C17VX03,Midnight Magic,Twilight Publications,Default,36.38,Default
1001-1,9J80C95GC78,Journey to the Unknown,Moonlit Press,Default,30.15,Default
1001-1,3T84VF4QD71,Journey to the Stars,Enchant,Default,30.44,Default
1001-1,5JU5TJ3CT75,Journey to the Edge,Everglow Publications,Default,35.18,Default
1001-1,9XR3KP7YH85,Journey to Freedom,Everglow Publications,Default,23.04,Default
1001-1,4QK4QK4PX53,Journey to Forever,Moonlit Press,Default,1.23,Default
1001-1,2CK5AX9KH72,Journey,Moonlit Press,Default,52.53,Default
1001-1,7J52G48HX44,Forgotten Dreams,Whispering Willow Publishing,Default,54.22,Default
1001-1,3GT7YH6AN91,Enchanted Whispers,Celestial Books,Default,29.61,Default
1001-1,2XQ5DV5EW75,Enchanted Voyages,Celestial Books,Default,23.37,Default
1001-1,4N97U56ME02,Enchanted Realms,Aurora Books,Default,53.83,Default
1001-1,9M18TN6WH22,Enchanted Paths,Stardust Publishing,Default,48.48,Default
1001-1,2WY0QR1RN40,Enchanted Memories,Mystic Press,Default,22.43,Default
1001-1,4PR5KP4AR73,Enchanted Melodies,Celestial Books,Default,40.22,Default
1001-1,1CJ9UV8VF00,Enchanted Journeys,Mystic Press,Default,30.43,Default
1001-1,2XC2TQ0WJ43,Echoes of Love,Whispering Willow Publishing,Default,30.09,Default
1001-1,1G44EJ8TJ08,Echoes of Infinity,Moonlit Press,Default,21.78,Default
1001-1,3N61NT9KN42,Echoes of Imagination,Everglow Publications,Default,42.12,Default
1001-1,8YV4J76FD27,Echoes of Hope,Aurora Books,Default,54.8,Default
1001-1,4HN5UT6ER08,Echoes of Eternity,Aurora Books,Default,36.2,Default
1001-1,1XJ3ED2GP14,Echoes of Enchantment,Serenity Books,Default,46.29,Default
1001-1,4XF8TG5CD85,Echoes of Destiny,Stardust Publishing,Default,15.52,Default
1001-1,7UQ4VG3DU35,Echoes of Bliss,Mystic Press,Default,19.93,Default
1001-1,2AQ4PT4MY64,Echoes of Adventure,Whispering Willow Publishing,Default,28.66,Default
1001-1,2W97XV5CK75,Echoes from the Past,Moonlit Press,Default,51.5,Default
1001-1,9X84U33GJ83,Dreams of Tranquility,Whispering Willow Publishing,Default,0.35,Default
1001-1,4HE8JK5AD84,Dreams of Revelation,Everglow Publications,Default,38.01,Default
1001-1,8A85C75WK92,Dreams of Dusk,Moonlit Press,Default,25.48,Default
1001-1,6KM5WP3CW30,Dreams of Discovery,Stardust Publishing,Default,30.72,Default
1001-1,8TX8T46QF24,Dreams of Destiny,Stardust Publishing,Default,11.97,Default
1001-1,6U87Q47EJ87,Dreams of Daylight,Twilight Publications,Default,34.65,Default
1001-1,5Q24NY2ER45,Dreaming of Tomorrow,Moonlit Press,Default,25.77,Default
1001-1,5JU8NH9YW95,Dancing with Shadows,Serenity Books,Default,2.98,Default
1001-1,5GW4Q24HM12,Dancing with Imagination,Enchant,Default,30.8,Default
1001-1,9N80T26EC18,Dancing with Fire,Mystic Press,Default,10.68,Default
1001-1,2V04M58KD72,Dancing with Fate,Everglow Publications,Default,38.46,Default
1001-1,5D75GP1QA97,Dancing with Dreams,Twilight Publications,Default,0.4,Default
1001-1,1HR7MY3DP49,Dancing with Dragons,Serenity Books,Default,33.35,Default
1001-1,2N80F38PP37,Dancing on Air,Whispering Willow Publishing,Default,34.09,Default
1001-1,6UV2N98FH46,Dancing in the Moonlight,Enchant,Default,52.65,Default
1001-1,7C35HA1MW46,Beyond the Horizon,Everglow Publications,Default,55.46,Default
1001-1,1VP5N69CD37,A Thousand Moons,Celestial Books,Default,29.69,Default
1001-1,5NY9RN5MP43,Whispers of Wonder,Serenity Books,Default,35.58,Default
1001-1,4GM0V18FG35,Whispers of Wisdom,Everglow Publications,Default,47.36,Default
1001-1,2WK7TJ4WE40,Whispers of Victory,Mystic Press,Default,13.56,Default
1001-1,4NJ3NM3WJ24,Whispers of Transformation,Serenity Books,Default,6.9,Default
1001-1,8H99HV5HU19,Whispers of Paradise,Celestial Books,Default,38.92,Default
1001-1,6W13GD4YT62,Whispers of Magic,Twilight Publications,Default,49.15,Default
1001-1,3RR3A53MN86,Whispers of Jubilation,Serenity Books,Default,27.38,Default
1001-1,1EA2TE9YW31,Whispers of Inspiration,Mystic Press,Default,53.3,Default
1001-1,3HF3YT6EV05,Whispers of Imagination,Celestial Books,Default,5.1,Default
1001-1,9WW1VF3FE02,Whispers of Hope,Mystic Press,Default,14.06,Default
1001-1,5C94G00NV64,Whispers of Harmony,Whispering Willow Publishing,Default,21.81,Default
1001-1,8NT5E98NX22,Whispers of Discovery,Moonlit Press,Default,47.58,Default
1001-1,5PY8YH2VC89,Whispers of Courage,Enchant,Default,49.36,Default
1001-1,6AX3VG7UD97,Whispers of Adventure,Moonlit Press,Default,54.77,Default
1001-1,4HU9VD5AQ78,Whispers in the Wind,Mystic Press,Default,31.91,Default
1001-1,5K37U95WP77,Whispering Waters,Stardust Publishing,Default,40.92,Default
1001-1,7J20TT6QQ76,Whispering Shadows,Mystic Press,Default,35.08,Default
1001-1,7E75HD1YP73,The Whispering Forest,Serenity Books,Default,54.83,Default
1001-1,3F16X44CH58,The Hidden Path,Everglow Publications,Default,43.47,Default
1001-1,1UG1YP3NW05,Tales of Twilight,Whispering Willow Publishing,Default,6.13,Default
1001-1,7DW4G31GN88,Tales of Transformation,Stardust Publishing,Default,39.02,Default
1001-1,8D61EW8VJ60,Shrouded in Mystery,Serenity Books,Default,24.23,Default
1001-1,8FQ3PG1YJ82,Shadows of Destiny,Celestial Books,Default,34.63,Default
1001-1,7WP4V48KD53,Serenade of Stars,Moonlit Press,Default,9.58,Default
1001-1,4CD1EY4RX88,Serenade of Dreams,Aurora Books,Default,17.61,Default
1001-1,9FF3QD8FD98,Secrets of the Sea,Twilight Publications,Default,11.15,Default
1001-1,3W03X18JF58,Secrets of the Moon,Aurora Books,Default,13.36,Default
1001-1,8DN2TX0MM40,Reflections of Fate,Stardust Publishing,Default,16.82,Default
1001-1,5RD6F26UD90,Realm of Reflections,Whispering Willow Publishing,Default,35.23,Default
1001-1,1U04AT6MA88,Moonlit Memories,Aurora Books,Default,41.4,Default
1001-1,8XR1X90AJ17,Midnight Symphony,Moonlit Press,Default,20.79,Default
1001-1,1YJ4Y88CC37,Midnight Mirage,Enchant,Default,3.52,Default
1001-1,9XP9JR9XM70,Legends of Lore,Celestial Books,Default,40.13,Default
1001-1,1WH9JU6CN73,Enchanted Visions,Serenity Books,Default,25.43,Default
1001-1,3AP8CH0HU70,Enchanted Tales,Serenity Books,Default,6.42,Default
1001-1,9XG8PA0MD85,Enchanted Realms,Moonlit Press,Default,34.9,Default
1001-1,4JU8AF2HT47,Enchanted Paradises,Aurora Books,Default,15.64,Default
1001-1,1HR6JN7PV92,Enchanted Journeys,Moonlit Press,Default,32.85,Default
1001-1,7NC1GA1YT74,Enchanted Horizons,Mystic Press,Default,10.66,Default
1001-1,5T86YT9HV15,Enchanted Garden,Twilight Publications,Default,16.91,Default
1001-1,4F71CJ3UY44,Enchanted Explorations,Twilight Publications,Default,36.75,Default
1001-1,5NJ8ND0WC62,Echoes of Innovation,Everglow Publications,Default,31.01,Default
1001-1,4H40AP6KN52,Echoes of Infinity,Serenity Books,Default,8.18,Default
1001-1,7M38VY0DM42,Echoes of Hope,Aurora Books,Default,52.41,Default
1001-1,6YF7QC5VE05,Echoes of Exploration,Serenity Books,Default,2.45,Default
1001-1,5MA9NC4VR07,Echoes of Excitement,Everglow Publications,Default,22.2,Default
1001-1,5E02M85JK19,Echoes of Evolution,Enchant,Default,45.9,Default
1001-1,6R70V90WC70,Echoes of Eternity,Enchant,Default,44.41,Default
1001-1,1AX7NA3QF08,Echoes of Enlightenment,Enchant,Default,7.64,Default
1001-1,9E14JD7JE47,Echoes of Enchantment,Moonlit Press,Default,55.55,Default
1001-1,2TJ2A38WG37,Echoes of Empowerment,Celestial Books,Default,20.55,Default
1001-1,1X64QT8GP72,Echoes of Destiny,Stardust Publishing,Default,35.42,Default
1001-1,1M00RM1RQ03,Echoes of Celebration,Aurora Books,Default,54.28,Default
1001-1,1EP3U22MP59,Echoes of Adventure,Celestial Books,Default,44.4,Default
1001-1,5R20CU9PY77,Dreamscape Chronicles,Aurora Books,Default,44.49,Default
1001-1,6TT6Q38RK39,Dreams of Triumph,Celestial Books,Default,18.48,Default
1001-1,8E73MD6KU24,Dreams of Serendipity,Stardust Publishing,Default,35.84,Default
1001-1,7DV8KM4QE54,Dreams of Resilience,Everglow Publications,Default,44.77,Default
1001-1,5NW5FT0NA97,Dreams of Redemption,Aurora Books,Default,40.67,Default
1001-1,3XH7MA7DK25,Dreams of Prosperity,Stardust Publishing,Default,25.18,Default
1001-1,2Y60NQ8TQ62,Dreams of Possibility,Enchant,Default,54.09,Default
1001-1,2P97RR2MU79,Dreams of Paradise,Moonlit Press,Default,46.91,Default
1001-1,1PE8E49YX05,Serenade of the Sea,Whispering Willow Publishing,Default,19.49,Default
1001-1,5AU7V68CY09,Serenade of Splendor,Aurora Books,Default,20.1,Default
1001-1,1FE1RT6KH53,Dreams of Devotion,Stardust Publishing,Default,38.7,Default
1001-1,1GK7TP1GE63,Dreams of Destiny,Twilight Publications,Default,20.4,Default
1001-1,1VT7UC7TQ29,Dreams of Delight,Twilight Publications,Default,2.5,Default
1001-1,8RH8Y85WE70,Dreams of Dawn,Mystic Press,Default,43.12,Default
1001-1,5W79KT5XG26,Chronicles of Destiny,Stardust Publishing,Default,19.59,Default
1001-1,8XU8GG1EX46,Beyond the Horizon,Whispering Willow Publishing,Default,49.13,Default
1001-1,2TJ5WD0TC99,Dreams of Discovery,Everglow Publications,Default,1.33,Default
1001-1,9X51WH6DA98,Dreams of Diversity,Moonlit Press,Default,55.08,Default
1002-1,7D70DM1NP58,Eco-Friendly Yoga Mat,Sunshine,Black,210.85,M
1002-1,8FM9GV5VV73,Non-Slip Yoga Mat,Sunshine,Blue,505.87,L
1002-1,1WX2GQ3PV37,Comfortable Yoga Mat,Sunshine,Pink,647.48,S
1002-1,2TY0MT9KQ10,Durable Volley Ball,PowerStrike,Default,87.59,Free
1002-1,2RM0NP9TK40,Official Size Volley Ball,Sunshine,Default,280.47,Free
1002-1,7W90KM8PY34,Extra-Thick Yoga Mat,Turbo,Pink,168.65,S
1002-1,7DN1Y68HK07,Foldable Yoga Mat,Turbo,Purple,310.89,M
1002-1,1E18CV8KY44,Waterproof Tennis Racket,FlexWind,Black,310.71,Free
1002-1,6JK4PD2RN57,Lightweight Tennis Racket,Star,Red,43.74,Free
1002-1,1KF0X74DC82,Professional Tennis Racket,ProFit,Black,464.53,Free
1002-1,2MW8UT1KR97,Tennis Ball Set,Star,Black,548.62,Free
1002-1,8M97MF8VK84,High-Visibility Tennis Ball,FlexWind,Default,442.73,Free
1002-1,1E64EM2GH88,Durable Tennis Ball,ProFit,Default,464.43,Free
1002-1,9FA8FD2RQ68,Anti-Fog Swimming Goggles,TurboTread,Black,46.94,Free
1002-1,4AQ9KT7YP59,Polarized Swimming Goggles,Sunshine,Gray,559.59,Free
1002-1,9AX1CG4HY38,UV Protection Swimming Goggles,AeroFlex,Blue,414.68,Free
1002-1,7VG1Y93PC95,Silicone Swimming Caps,TurboTread,White,385.42,Free
1002-1,8X11H77QX13,Customized Swimming Caps,Sunshine,Blue,96.8,Free
1002-1,8M18DR7WK77,Beach Volley Ball,ProFit,Default,276.34,Free
1002-1,2NT7ME5CQ11,Training Volley Ball,PowerGlide,Default,253.64,Free
1002-1,2R10EN4AH96,Training Soccer Ball,Sunshine,Default,546.87,Free
1002-1,4EK6UC5ET99,Official Size Soccer Ball,ProFit,Default,57.15,Free
1002-1,8GY5M75JD44,Indoor Soccer Ball,PowerGlide,Default,471.55,Free
1002-1,7HN1XV6UG72,All-Mountain Snowboard,Yell,Red,92.91,Free
1002-1,2DR2EG5UW48,Freestyle Snowboard,Star,Blue,126.96,Free
1002-1,1V11GK0UX94,Snowboard,FlexWind,Gray,324.59,Free
1002-1,8PX4QP8MV74,Professional snowboard,FlexWind,Purple,549.53,S
1002-1,4CW9P81HV60,Kids' Snowboard,FlexWind,Green,600.05,M
1002-1,5QM6RD9XU64,Performance Ski Boots,FlexWind,Multicolor,569.31,L
1002-1,7JA5P84ND56,Adjustable Ski Boots,FlexWind,Black,495.29,XL
1002-1,8Q22KX7UU10,Insulated Ski Boots,FlexWind,Red,82.89,2XL
1002-1,3H19RN0GH24,Waterproof Swimming Caps,AeroFlex,Red,200.44,Free
1002-1,8UD1QJ9NF11,Professional Soccer Ball,PowerStrike,Default,13.97,Free
1002-1,5VT2YQ3RW71,Cruiser Skateboard,FlexWind,Brown,206.52,L
1002-1,7J63WR3AN21,Professional Skateboard,FlexWind,Black,91.27,XL
1002-1,5YW3PY7VC24,Kids' Skateboard,PowerStrike,Gray,498.15,S
1002-1,5UG9GG9NU07,Customized Rowing Machine,PowerStrike,Blue,62.75,M
1002-1,5F59E61AF25,Magnetic Rowing Machine,PowerStrike,White,574.94,L
1002-1,2AT5AF6MJ62,Compact Rowing Machine,Star,Black,172.02,M
1002-1,3XF7EK2MT27,Portable Rowing Machine,Star,Gray,642.66,L
1002-1,8WK6E16EY82,High-Resistance Resistance Band,PowerPush,Gray,487.01,Free
1002-1,5F99RY9HY69,Fabric Resistance Band,ProBalance,Red,494.15,Free
1002-1,2H87T36CA52,Latex-Free Resistance Band,ProFit,Yellow,248.29,Free
1002-1,9WW8JK6QF24,Colorful Resistance Band,TurboTread,Black,68.35,Free
1002-1,7EF6FU7VJ35,Heavy-Duty Resistance Band,PowerPulse,Blue,27.32,Free
1002-1,2UR4N47PD56,Premium Punching Bag,PowerPush,Gray,639.59,Free
1002-1,1GX1A73FQ76,Hanging Punching Bag,NewTech,Purple,367.27,Free
1002-1,9DU2V51EQ86,Speed Punching Bag,Turbo,Red,188.36,Free
1002-1,6P44DR8ED03,Leather Punching Bag,PowerPulse,White,438.92,M
1002-1,6QM7E33MW15,Adjustable Lifting Strap,PowerPulse,Gray,303.19,L
1002-1,4JY1FV4MH33,Padded Lifting Strap,SpinTech,Black,459.75,Free
1002-1,8G25TE3XJ33,Heavy-Duty Lifting Strap,MountainTop,Blue,172.78,M
1002-1,2RX1U41JG45,Nylon Lifting Strap,MountainTop,White,170.54,L
1002-1,6Q90RW1KA97,Adjustable Jump Rope,PowerStrike,Green,464.01,Free
1002-1,6DJ8NH2PJ47,Speed Jump Rope,MountainTop,Black,507.77,S
1002-1,2PD9JG3XJ36,Weighted Jump Rope,ProStep,Blue,577.63,M
1002-1,4EX0MU5PX82,Tangle-Free Jump Rope,PowerPulse,Red,230.58,S
1002-1,4K02WH5RU84,Reflective Jump Rope,PowerPulse,Black,252.83,M
1002-1,7TR0XX9GT74,Wireless Heart Rate Monitor,PowerStrike,Orange,636.72,M
1002-1,8YK2FC0CD91,Waterproof Heart Rate Monitor,PowerStrike,Yellow,646.68,L
1002-1,5CU0YK2UU75,Bluetooth Heart Rate Monitor,Sunshine,Green,258.34,Free
1002-1,3QQ8M38RX06,Wrist Heart Rate Monitor,MountainTop,Blue,111.38,Free
1002-1,4H53TK9DW63,Chest Strap Heart Rate Monitor,StrikeForce,Black,41.19,Free
1002-1,6C77Y64AG94,Gymnastics Chalk,TurboTread,Gray,470.99,Free
1002-1,1GD3CH0TC85,Indoor Exercise Bike,PowerPush,Red,101.73,Free
1002-1,6P94HV2EM94,Magnetic Exercise Bike,Star,Blue,509.5,Free
1002-1,7V67UG4AX61,Folding Exercise Bike,ProFit,Green,486.15,S
1002-1,1FU3M00TU09,Upright Exercise Bike,Sunshine,Black,533.29,S
1002-1,5GG1EF1AH54,Recumbent Exercise Bike,PowerPush,Red,557.06,S
1002-1,7RG3QU4CJ09,Adjustable Cycling Helmet,ProFit,Brown,305.66,M
1002-1,1D54NM0XV43,Lightweight Cycling Helmet,Sunshine,Blue,258.57,M
1002-1,6GN1GW1FX19,Lightweight Ski Boots,FlexWind,Black,186.34,S
1002-1,8RE1K18JD08,Beginner Skateboard,FlexWind,Yellow,371.27,M
1002-1,5WU1TT1DU55,Dynamic Climbing Rope,ProFit,Brown,128.78,Free
1002-1,2RQ9YD0TQ47,Static Climbing Rope,MountainTop,Black,151.44,M
1002-1,3HC1UK5UQ23,Lightweight Climbing Rope,MountainTop,Blue,142.02,S
1002-1,4FX4GD7UA53,Durable Climbing Rope,MountainTop,Gray,90.01,M
1002-1,2TN6HQ7MQ38,Flexible Climbing Harness,MountainTop,Brown,594.1,L
1002-1,2Y16P80JX37,Padded Climbing Harness,ProFit,Blue,418.51,S
1002-1,9V81JJ4PG15,Adjustable Climbing Harness,ProFit,Purple,327.35,M
1002-1,6Y35E83PK59,Lightweight Climbing Harness,ProFit,Green,1042.35,S
1002-1,4Y66UU2MJ72,Breathable Climbing Harness,ProFit,Black,412.79,M
1002-1,6C84UT4PC91,Professional Climbing Harness,TurboTread,Blue,1097.77,S
1002-1,4UD0GJ2CP77,Premium Boxing Gloves,TurboTread,Black,1080.16,M
1002-1,1TD4HH9DT66,Leather Boxing Gloves,SpinTech,Blue,378.68,S
1002-1,2CJ6H16UT32,Training Boxing Gloves,SpinTech,Brown,286.74,M
1002-1,7DC4ET5JM87,Kids' Boxing Gloves,PowerStrike,Red,87.79,Free
1002-1,5RQ1Y86EW30,Indoor Basketball,Sunshine,Default,412.41,Free
1002-1,1H18QN5AK06,Outdoor Basketball,ProFit,Default,301.27,Free
1002-1,7D19XV1TU69,Street Basketball,PowerGlide,Default,31.83,Free
1002-1,5JT8J45UF98,Training Basketball,Yell,Default,121.87,Free
1002-1,4Q36JR6RW17,Premium Balance Board,ProBalance,Green,553.98,S
1002-1,1YH1UJ9DR63,Wooden Balance Board,ProBalance,Black,57.27,M
1002-1,1XA0EW8UP80,Wobble Balance Board,ProBalance,Blue,288.94,L
1002-1,6RM4WH5GK44,Yoga Balance Board,ProBalance,Black,489.34,XL
1002-1,7VY2N40KH94,Exercise Balance Board,AeroFlex,Red,273.7,S
1002-1,6YH2A59PE77,Adjustable Dumbbells,AeroFlex,Green,144.22,M
1002-1,2EK7DM1HX90,Neoprene Dumbbells,AeroFlex,Black,632.63,L
1002-1,2CE0C12CN61,Rubber-Coated Dumbbells,Sunshine,Blue,227.53,S
1002-1,1UN3QY8FW91,Hexagonal Dumbbells,Sunshine,Black,200.01,M
1002-1,8CJ0WK8RD77,Reflective Cycling Helmet,MountainTop,Orange,266.95,S
1002-1,7CM6DA8KX99,Protective Cycling Helmet,PowerPush,Yellow,425.5,M
1006-1,2Q06MA3PD20,Dog Training Clicker,PawsomeGoods,Blue,89.99,Free
1006-1,9QN9FE1UA50,Flea and Tick Collar,PawsomeGoods,Black,56.1,Free
1006-1,5UP1X15CX00,Slow Feeder Bowl,PawsomeGoods,Green,67.34,Free
1006-1,8KX7FW9UC74,Plush Squeaky Toy,PawsomeGoods,Yellow,13.91,Free
1006-1,1CX5G75RF99,Interactive Treat Dispenser,PawsomeGoods,Purple,31.59,Free
1006-1,3N02HW9JT20,Cooling Mat,PawsomeGoods,Blue,79.27,Free
1006-1,8A67VT7EU69,Dog Nail Clippers,PawsomeGoods,Black,85.25,Free
1006-1,7X14T42UN47,Doggy Raincoat,PawsomeGoods,Orange,39.55,Free
1006-1,8J67X90NG96,LED Dog Collar,PawsomeGoods,Green,3.14,Free
1006-1,4WA0YY7HX63,Dog Puzzle Toy,PawsomeGoods,Pink,41.2,Free
1006-1,7DE8H81WD90,Doggy Backpack,PetPals,Gray,93.62,Free
1006-1,1UK3UN2GK82,Heating Pad,PetPals,Black,89.31,Free
1006-1,4JJ7XT7EK30,Dog Frisbee,PetPals,Blue,51.65,Free
1006-1,5AF5CC8HR08,Automatic Fish Feeder,PetPals,Black,43.24,Free
1006-1,8N48K13NH81,Puppy Training Pads,PetPals,White,10.24,Free
1006-1,2GX7HN1HG81,Doggy Life Jacket,PetPals,Orange,43.59,Free
1006-1,4WT0JA1JN41,Doggy Toothbrush,PetPals,White,85.79,Free
1006-1,5PH5K94JA13,Plush Pet Bed,PetPals,Brown,42.48,Free
1006-1,8H24M84WA59,Catnip Mouse Toy,PetPals,Gray,36.49,Free
1006-1,9C71A69AA07,Cozy Cave Bed,PetPals,Black,9.38,Free
1006-1,5AV0DH9XJ39,Self-Cleaning Cat Litter Box,PetPals,Gray,83.53,Free
1006-1,8E74CG9XX00,Scratch Resistant Cat Scratcher,PetPals,Brown,24.9,Free
1006-1,5HH2QP4DH58,Bird Cage Cover,PetPals,Blue,79.94,Free
1006-1,1QV1FJ6KQ49,Reflective Cat Harness,PawsomeGoods,Yellow,38.06,Free
1006-1,5YU0DU0DG95,Cat Grass Planter,PawsomeGoods,Green,8.83,Free
1006-1,3N91GT6GH64,Cat Tunnel,PawsomeGoods,Black,71.67,Free
1006-1,7X00NK1EW03,Bird Nesting Material,PawsomeGoods,Black,55.08,Free
1006-1,9YT2TY0MJ74,Cat Scratching Pad,PawsomeGoods,Brown,19.53,Free
1006-1,8E96XM6QX97,Bird Feeder,PawsomeGoods,Green,49.59,Free
1006-1,9D20FR8HG96,Bird Swing Perch,PawsomeGoods,Black,102.75,Free
1006-1,8CW6P39VR79,Bird Bath,PawsomeGoods,Blue,108.38,Free
1006-1,6DC7F66VA36,Parrot Toy,PawsomeGoods,Rainbow,69.73,Free
1006-1,8FY4T40XE77,Bird Perch,PawsomeGoods,Brown,67.53,Free
1006-1,7FJ8UT4WU86,Birdcage Liner,PawsomeGoods,White,94.47,Free
1006-1,4QR7MM5ME25,Bird Seed Feeder,HappyPets,Yellow,70.61,Free
1006-1,3V73F74WY71,Bird Treat Stick,HappyPets,Orange,31.31,Free
1006-1,9GC1HC8TF44,Disposable Litter Box,HappyPets,Gray,11.87,Free
1006-1,7N88VQ4UE55,Portable Pet Carrier,HappyPets,Blue,36.73,Free
1006-1,9JN8TA8RT22,Fish Tank Decoration,HappyPets,Pink,13.34,Free
1006-1,8C90K10FC31,Hamster Wheel,HappyPets,Pink,108.58,Free
1006-1,8VX3U15WG21,Rabbit Hutch,HappyPets,Black,11.68,Free
1006-1,3J43K35JJ94,Guinea Pig Hay Rack,HappyPets,Green,97.36,Free
1006-1,8WY1M76GX03,Rabbit Water Bottle,HappyPets,Blue,79.45,Free
1006-1,4PE4FN8YX28,Small Animal Bedding,HappyPets,Black,107.2,Free
1006-1,7K66QN6UM23,Rabbit Hideout,HappyPets,Brown,58.84,Free
1007-1,8Y34X61JM56,Floral Sundress,Bella Donna,White,86.88,L
1007-1,4PY5J31XT77,High-Waisted Jeans,Athena Apparel,Gray,76.96,S
1007-1,2JJ3X65CP47,Lace Bralette,Urban Chic,Pink,50.54,S
1007-1,3TP6EC4EW69,Denim Jacket,Vogue Couture,Blue,79.69,M
1007-1,8A98K50UJ06,Ankle Boots,Trendsetter Threads,Black,44.33,S
1007-1,9FV9C21YU46,Maxi Skirt,Urban Chic,Brown,20.36,L
1007-1,1H07DF7PP71,Striped T-shirt,Vogue Couture,Brown,12.73,L
1007-1,5D72V31EC25,Leather Jacket,Sophisticated Sisters,Blue,24.12,M
1007-1,8YF1EK1RK52,Boho Blouse,Trendsetter Threads,White,51.47,L
1007-1,6FV4U47WK44,Ripped Skinny Jeans,Athena Apparel,Black,42.44,XL
1007-1,6N84H90ND01,Knit Sweater,Trendsetter Threads,Pink,20.42,S
1007-1,5JY2TX8EV42,Midi Dress,Vogue Couture,Black,107.94,M
1007-1,6K49P59MK21,Platform Sandals,Elite Ensemble,Gray,0.37,L
1007-1,9YQ9VH3WG32,Wrap Top,Urban Chic,Gray,104.98,M
1007-1,1F11VK4RQ38,Wide-Leg Pants,Trendsetter Threads,Gray,26.58,M
1007-1,3NA8CJ2YW32,Off-Shoulder Blouse,Vogue Couture,Green,50.94,S
1007-1,9Q32MF1XX29,Bodycon Dress,Athena Apparel,Black,30.49,M
1007-1,1EW2R65AA04,Knee-High Boots,Sophisticated Sisters,Black,52.65,M
1007-1,4PF4M84CR49,Floral Kimono,Bella Donna,Black,45.71,M
1007-1,8E10H36WY40,Crop Top,Urban Chic,Black,45.64,L
1007-1,4HJ3X94AM40,Palazzo Pants,Bella Donna,Pink,16.69,S
1007-1,3N18AE8GM92,Peasant Blouse,Vogue Couture,White,50.52,S
1007-1,7G13MC0JY01,Tailored Blazer,Athena Apparel,Blue,10.05,M
1007-1,9W39A33FC48,Pleated Skirt,Elite Ensemble,Beige,96.83,L
1007-1,2W38N89QH13,Tank Top,Trendsetter Threads,Blue,155.55,XL
1007-1,6J19YT9QH69,Pencil Skirt,Athena Apparel,Black,139.27,M
1007-1,7W32QJ2AM21,Camisole,Trendsetter Threads,Gray,7.58,S
1007-1,9A25G34VY97,Utility Jumpsuit,Elite Ensemble,Black,26.39,M
1007-1,1EK3HG2VD35,Faux Fur Coat,Vogue Couture,White,11.29,S
1007-1,3R34GN4JE61,Fringe Jacket,Bella Donna,Green,27.7,M
1007-1,3MK4G07CW27,Cardigan Sweater,Urban Chic,Gray,38.39,L
1007-1,4MF3GY4HF03,Linen Shorts,Sophisticated Sisters,Brown,33.61,M
1007-1,3AV2MM2YU60,Slip Dress,Athena Apparel,Gray,22.87,L
1007-1,2V33U42HF67,Combat Boots,Vogue Couture,Blue,74.75,M
1007-1,7K27P15UC40,Graphic Tee,Trendsetter Threads,Pink,22.7,S
1007-1,8KC0MY4AH53,Bomber Jacket,Bella Donna,Black,135.27,L
1007-1,5Y11H22GT85,Sheath Dress,Athena Apparel,White,66.6,M
1007-1,1WT6JM1KW72,Ankle Booties,Urban Chic,Green,32.14,L
1007-1,7G60FX2MV20,Polka Dot Blouse,Elite Ensemble,Blue,102.6,M
1007-1,2W94Q34PM68,Cargo Pants,Sophisticated Sisters,Brown,64.54,M
1007-1,1WD1DH2NX87,Trench Coat,Vogue Couture,White,159.54,S
1007-1,9HH2FC0KK72,High-Low Dress,Urban Chic,Green,133.51,M
1007-1,6N40G90TU39,Espadrille Wedges,Elite Ensemble,White,157.16,L
1007-1,4W28GN6RM58,Turtleneck Sweater,Trendsetter Threads,Coral,78.3,M
1007-1,3F25KA6UD17,Culotte Pants,Athena Apparel,Coral,38.98,M
1007-1,6TW3HH8UW98,Halter Top,Bella Donna,White,61.4,XL
1007-1,8CK2DT5UD73,Denim Shorts,Urban Chic,Blue,98.31,M
1007-1,8T80HX9QV46,Wrap Dress,Athena Apparel,Black,98.57,S
1007-1,8DG2KN2RN08,Riding Boots,Sophisticated Sisters,Blue,50.54,M
1007-1,2N28RR7CJ20,Velvet Blazer,Vogue Couture,Blue,70.58,M
1007-1,2P94D65RP31,Shirtdress,Trendsetter Threads,Brown,62.21,S
1007-1,7M60C98JA32,Chelsea Boots,Athena Apparel,Black,34.77,L
1007-1,3HR9T87HN01,Sequin Top,Vogue Couture,White,100.56,M
1007-1,1WK4U99MM89,Linen Jumpsuit,Elite Ensemble,Black,25.64,S
1007-1,8VX9H85YM39,Kimono Cardigan,Trendsetter Threads,Gold,93.05,M
1007-1,2DE8UW5MJ89,Bell Sleeve Blouse,Urban Chic,Gold,10.09,M
1007-1,8JM4FP4MX45,A-line Skirt,Bella Donna,Gray,38.67,S
1007-1,6M02Q23RX95,Sleeveless Blazer,Vogue Couture,Gray,24.17,M
1007-1,5W89AE4RK75,Midi Skirt,Athena Apparel,Black,29.05,M
1007-1,1E20X34PA01,Oversized Sweater,Trendsetter Threads,Camel,14.75,L
1007-1,3R78PY1RY31,Wide-Brim Hat,Bella Donna,White,42.87,S
1007-1,5T68Q44QJ98,Boyfriend Jeans,Urban Chic,Gray,36.43,M
1007-1,3YV9FX0YM37,Peplum Top,Athena Apparel,Pink,23.87,S
1007-1,7W49NY4MP85,Leather Leggings,Vogue Couture,Blue,23.47,XL
1007-1,9JF1GA2NT90,Slip-On Sneakers,Elite Ensemble,Black,29.01,XL
1007-1,8D92XW8DF07,Utility Jacket,Trendsetter Threads,Brown,28.98,XL
1007-1,9MA6RN1XU16,Flannel Shirt,Sophisticated Sisters,Brown,9.93,M
1007-1,4KF2XX1GT05,Cropped Hoodie,Bella Donna,Blue,52.57,XL
1007-1,1UT3Y71RG72,Frayed Hem Jeans,Urban Chic,White,66.32,M
1007-1,9XT5R51AV31,Maxi Cardigan,Athena Apparel,Black,51.8,M
1007-1,4DH3X44RG60,Lace Cami,Vogue Couture,Pink,30.45,S
1007-1,7FM1TY2WW43,Paperbag Waist Pants,Trendsetter Threads,Black,52.47,XL
1007-1,2N47J48KG78,Wrap Sweater,Bella Donna,Gray,39.66,XL
1007-1,4VV2QF4QF87,Embroidered Blouse,Urban Chic,Gray,13.61,XL
1007-1,7Y92KU2TP05,Cargo Skirt,Vogue Couture,Gray,36.59,M
1007-1,9NY9U19DU27,Faux Leather Pants,Athena Apparel,Green,33.11,S
1007-1,4WE9DV6GK07,Cape Coat,Elite Ensemble,Black,35.64,XS
1007-1,5AR0UM6CP81,Tunic Dress,Trendsetter Threads,Black,29.39,M
1007-1,7H59YW3UQ28,Suede Skirt,Bella Donna,Black,79.84,XL
1007-1,1K14TY2GE14,Fishnet Tights,Vogue Couture,Black,2.96,L
1007-1,3HX0PP7GX49,Strappy Sandals,Athena Apparel,Pink,105.73,M
1007-1,5CQ1KE2YU33,Oversized Shirt,Urban Chic,White,69.05,M
1007-1,3R45T77QQ75,Pleather Jacket,Trendsetter Threads,Blue,127.03,XL
1007-1,4R40D92HK27,Crochet Top,Elite Ensemble,Beige,21.74,XS
1007-1,6PQ0K75PP44,Paperbag Shorts,Bella Donna,Blue,161.89,XS
1007-1,3GR7K88MQ97,Bell Bottom Jeans,Vogue Couture,Black,30.73,2XL
1007-1,5U52EK3YU02,Kimono Dress,Athena Apparel,Gray,30.77,XS
1007-1,3HW3RY4UY11,Sheer Blouse,Trendsetter Threads,Black,54.06,L
1007-1,5PD3DD3YD39,Tweed Jacket,Urban Chic,White,33.47,XL
1007-1,5QR7CG8GC57,Plaid Scarf,Vogue Couture,Green,19.94,M
1007-1,8D39MP4NV93,Cutout Dress,Sophisticated Sisters,Gray,18.5,XL
1007-1,8AT0WD1CV64,Puffer Vest,Bella Donna,Brown,45.78,S
1007-1,7MU5HN8MJ83,Bustier Top,Athena Apparel,Gray,45.77,L
1007-1,4EP2VT1VE52,Linen Blazer,Trendsetter Threads,Blue,48.63,M
1007-1,6JF7KC0ME02,Belted Trench Coat,Urban Chic,Pink,12.73,M
1007-1,8V40U12UK39,Lace Midi Skirt,Elite Ensemble,Black,23.1,XS
1007-1,2RV9CN0YC25,Peasant Dress,Vogue Couture,White,10.96,S
1007-1,7WA4RJ0NC67,Cap Sleeve Blouse,Athena Apparel,Green,108.67,XL
1007-1,7TY5JN6EP00,Denim Pinafore Dress,Bella Donna,Blue,62.24,XL
1007-1,9PH6HJ5YF42,Velvet Wrap Top,Urban Chic,Brown,0.05,L
1007-1,6N52XT3EH05,Cargo Jacket,Trendsetter Threads,White,124.77,S
1007-1,7AH5D87WF22,Ruffle Hem Skirt,Vogue Couture,Green,8.71,XL
1007-1,9EG6H32AK72,Off-The-Shoulder Dress,Sophisticated Sisters,White,162.77,XL
1007-1,8TK5J17YT10,Utility Skirt,Elite Ensemble,Coral,123.1,XS
1007-1,4NV2ND4QK96,Mock Neck Top,Bella Donna,Coral,164.56,L
1007-1,4F65YX4GD72,Gingham Dress,Athena Apparel,White,8.19,3XL
1007-1,3KP8WN9PC18,Cable Knit Sweater,Trendsetter Threads,Blue,107.26,XL
1007-1,8T60Q83YJ71,Belted Wide-Leg Pants,Urban Chic,Black,11.25,XL
1007-1,3N81C41JA02,Tassel Earrings,Vogue Couture,Blue,68.61,S
1007-1,6F96NR4QY05,Cropped Wide-Leg Jeans,Elite Ensemble,Blue,159.16,M
1007-1,2TK6VE9RH88,Kimono Robe,Bella Donna,Brown,165.71,L
1007-1,2M07RJ0XF27,Button-Front Skirt,Athena Apparel,Black,94.34,L
1007-1,9EW8G06MH98,Flare Sleeve Blouse,Vogue Couture,White,29.86,L
1007-1,2DA3XW4HY25,Faux Wrap Dress,Trendsetter Threads,Black,53.28,S
1007-1,3TQ9HQ1RF11,Embellished Jeans,Urban Chic,Gold,76.68,XS
1007-1,3E62CP6XT50,Ruched Bodycon Dress,Sophisticated Sisters,Gold,24.77,XL
1007-1,1X13R80KQ42,Striped Maxi Dress,Athena Apparel,Gray,149.08,L
1007-1,5HU4HW2JM72,Lace Trim Camisole,Vogue Couture,Gray,17.64,M
1007-1,9YR6EG7NC11,Jacquard Blazer,Elite Ensemble,Black,91.75,S
1007-1,8QJ4VQ1QG24,V-Neck Jumpsuit,Trendsetter Threads,White,13.78,L
1007-1,8TQ7P39MT97,Plaid Mini Skirt,Bella Donna,White,43.44,2XL
1007-1,2Q28TC8FT46,Faux Suede Jacket,Urban Chic,White,37.34,S
1007-1,6HK7F55VM63,Sheer Maxi Skirt,Athena Apparel,Blue,38.73,3XL
1007-1,7T90KG3ED20,Ruffle Sleeve Top,Vogue Couture,Black,39.23,S
1007-1,9V31PP3AF18,Floral Print Romper,Urban Chic,Blue,26.46,M
1007-1,5U01FW4VA70,Floral Maxi Dress,Trendsetter Threads,Blue,17.89,XS
1007-1,6EE8M41QM49,Striped Crop Top,Urban Chic,Brown,30.5,M
1007-1,9E41W74VR45,Denim Skirt,Elite Ensemble,Black,33.73,XL
1007-1,9P79Y02NY30,Lace Blouse,Vogue Couture,White,11.31,L
1007-1,9WD3W08JN83,Ruffled Sundress,Athena Apparel,Black,27.61,M
1007-1,1KX3HJ0KH41,Linen Jumpsuit,Bella Donna,Gold,44.08,M
1007-1,4RR3UE7UR88,Boho Kimono,Urban Chic,Gold,32,3XL
1007-1,3D26PE2RA32,Off-Shoulder Romper,Trendsetter Threads,Gray,47.13,L
1007-1,3PD6PH5KN24,Pleated Midi Skirt,Vogue Couture,Gray,28.89,XL
1007-1,3Y96T56ME51,Embroidered Tunic,Sophisticated Sisters,Black,15.71,M
1007-1,8K30VM2YG53,Polka Dot Blouse,Elite Ensemble,Camel,43.28,XL
1007-1,3R41W88TR95,Velvet Wrap Dress,Bella Donna,Black,33.94,S
1007-1,6FR0E75YE74,Crochet Halter Top,Athena Apparel,Camel,82.83,L
1007-1,5CY7M41EK82,Satin Slip Dress,Trendsetter Threads,White,132.24,M
1007-1,2RA9PQ8YJ28,Tulle Ballerina Skirt,Urban Chic,Gray,96,3XL
1007-1,4J69DF4KW80,Sequin Camisole,Vogue Couture,Pink,141.4,XS
1007-1,7ME4FQ7DX53,Utility Jumpsuit,Elite Ensemble,Blue,6.83,S
1007-1,2VV7XG4JD91,Tie-Dye Maxi Dress,Athena Apparel,Black,28.9,XL
1007-1,2TJ3M64NW79,Cropped Cardigan,Vogue Couture,Brown,30.15,XL
1007-1,7GT5P93QU02,Chiffon Wrap Blouse,Elite Ensemble,Brown,40.15,L
1007-1,6VY4KV7WN57,Tiered Ruffle Dress,Trendsetter Threads,Blue,54.81,S
1007-1,3T51WE8RV59,Floral Print Kimono,Bella Donna,White,39.78,XL
1007-1,1KJ7GK7RR82,Ribbed Knit Sweater,Urban Chic,Black,34.78,XL
1007-1,4J88RD5MQ97,Plaid Mini Skirt,Trendsetter Threads,Pink,41.37,XL
1007-1,6G52XT3GV96,Wrap Front Bodysuit,Bella Donna,Black,44.45,2XL
1007-1,7Y38DV2DD37,Embellished Denim Jacket,Urban Chic,Gray,34.41,S
1007-1,2CQ8KU6VJ74,Sheer Mesh Top,Urban Chic,Gray,39.54,M
1007-1,8YX7UX3AK88,Paperbag Waist Pants,Trendsetter Threads,Gray,28.97,L
1007-1,2KG2F91WR57,Embroidered Peasant Blouse,Bella Donna,Green,21.98,L
1007-1,8RR6G29PQ34,Faux Leather Leggings,Bella Donna,Black,33.26,L
1007-2,3AX1X29TP50,Crew Neck T-shirt,Vogue Couture,Black,17.82,XS
1007-2,6RN1HH3YG41,Slim Fit Jeans,Trendsetter Threads,Black,20.51,XL
1007-2,8N99CC0TJ53,Button-down Shirt,Stalwart Styles,Black,32.94,3XL
1007-2,3CP4NP5PE43,Chino Shorts,Urban Chic,Pink,20.09,XS
1007-2,2HE6WM1UJ12,Polo Shirt,Gentleman's Attire,White,20.12,XS
1007-2,2D38JA4DJ58,Cargo Pants,Stalwart Styles,Blue,72.6,2XL
1007-2,9K98ER7CT67,Hooded Sweatshirt,Trendsetter Threads,Beige,16.89,XS
1007-2,7AU5MK2ED97,Bomber Jacket,Gentleman's Attire,Blue,14.36,2XL
1007-2,3U65M18MF74,Graphic Tee,Urban Chic,Black,29.43,S
1007-2,6JA8KA1DH33,Denim Jacket,Vogue Couture,Gray,40.64,M
1007-2,8PM1YG5AT44,Plaid Flannel Shirt,Stalwart Styles,Black,19.01,3XL
1007-2,2KD9EM9VW10,Puffer Vest,Urban Chic,White,37.74,2XL
1007-2,2TM6HG5AA99,Track Pants,Trendsetter Threads,Green,23.47,XS
1007-2,6NA0H82JK22,V-neck Sweater,Vogue Couture,Gray,45.11,XS
1007-2,3VV2N61QQ93,Baseball Cap,Trendsetter Threads,Brown,27.98,2XL
1007-2,8WD2KN6XG72,Blazer Jacket,Stalwart Styles,Gray,55.27,L
1007-2,4VA3KE8TK23,Leather Belt,Urban Chic,Blue,14.36,2XL
1007-2,4WF0MU0DU65,Cargo Shorts,Gentleman's Attire,Pink,30.86,M
1007-2,9C14F39JK70,Henley Shirt,Trendsetter Threads,Black,15.07,XS
1007-2,9C23G16VN81,Quilted Jacket,Urban Chic,White,46.82,XL
1007-2,1EM0JG5FQ43,Jogger Pants,Gentleman's Attire,Green,55.09,M
1007-2,7YY4QK9QD64,Oxford Shoes,Stalwart Styles,Blue,10.09,2XL
1007-2,1WU2X43WQ02,Suit Vest,Vogue Couture,Brown,26.43,XL
1007-2,4CV3PF3AE33,Rugby Polo,Urban Chic,White,49.75,S
1007-2,2K54YF3QA01,Camouflage Pants,Trendsetter Threads,Green,37.34,XL
1007-2,5AY1UU7VR85,Windbreaker Jacket,Gentleman's Attire,White,28.12,XL
1007-2,9N04AM5DF62,Pullover Hoodie,Stalwart Styles,Coral,26.29,M
1007-2,2T90VF0KG67,Cargo Vest,Vogue Couture,Coral,45.77,L
1007-2,3P56VA9PV46,Graphic Hoodie,Urban Chic,White,43.58,M
1007-2,6AG9R95EU78,Linen Shirt,Trendsetter Threads,Blue,22.99,2XL
1007-2,7MH7EK5AX15,Board Shorts,Gentleman's Attire,Black,26.82,M
1007-2,1UX6QQ0MD66,Harrington Jacket,Vogue Couture,Blue,28.45,XL
1007-2,3PR5RF6QC83,Muscle Tank Top,Stalwart Styles,Blue,23.15,3XL
1007-2,2E76FW6YE98,Slim Fit Chinos,Urban Chic,Brown,14.48,S
1007-2,5WY1G98FX63,Field Jacket,Trendsetter Threads,Black,151.07,S
1007-2,8U71WW8JE82,Rugby Shirt,Vogue Couture,Brown,164.78,XL
1007-2,9FG9E92QY14,Athletic Shorts,Stalwart Styles,White,144.14,XS
1007-2,7YW0Q82XM49,Fisherman Sweater,Trendsetter Threads,Green,36.94,XS
1007-2,3K83WG9RR83,Suede Loafers,Gentleman's Attire,White,62.51,XS
1007-2,3P09RD2MA20,Denim Shorts,Urban Chic,Coral,20.99,S
1007-2,9AW0X47AK59,Corduroy Pants,Vogue Couture,Coral,52.3,XS
1007-2,4DW9GQ5UJ22,Motorcycle Jacket,Trendsetter Threads,White,13.21,XL
1007-2,4JJ9JP2UW45,Camp Shirt,Stalwart Styles,Blue,34.17,L
1007-2,8J89FN7UP81,Pajama Pants,Urban Chic,Black,43.01,XS
1007-2,8DF2AN1QN30,Shawl Collar Cardigan,Gentleman's Attire,Blue,11.71,2XL
1007-2,9X13MA6AP12,Ski Jacket,Trendsetter Threads,Blue,28.96,2XL
1007-2,8W55ME1UD49,Athletic Pants,Stalwart Styles,Brown,52.27,S
1007-2,9MV6A47HR75,Basketball Shorts,Vogue Couture,Black,44.23,2XL
1007-2,8E78QJ1EX29,Trucker Jacket,Urban Chic,White,19.01,M
1007-2,7JJ7UD4TV20,Hiking Boots,Trendsetter Threads,Black,12.38,S
1007-2,9AG5RJ4GY33,Performance Polo,Gentleman's Attire,Gold,24.46,3XL
1007-2,6MT0UY8TQ82,Cargo Joggers,Vogue Couture,Gold,8.83,2XL
1007-2,1AW7Y88EH18,Rugby Shorts,Stalwart Styles,Gray,31.69,3XL
1007-2,8JU1V82VT90,Waffle Knit Henley,Trendsetter Threads,Gray,24.4,2XL
1007-2,7VJ6XJ2YF36,Fishing Shirt,Urban Chic,Black,40.74,L
1007-2,7KX6ER7YK87,Wool Peacoat,Gentleman's Attire,White,23.53,S
1007-2,8N81HJ4UV81,Running Shorts,Urban Chic,White,18.99,2XL
1007-2,9YG9C07CV47,Muscle Tank,Trendsetter Threads,White,117.04,XL
1007-2,5XE2CF3NM24,Cargo Sweatpants,Vogue Couture,Blue,34.71,M
1007-2,5CW2Q80YT56,Motorcycle Boots,Gentleman's Attire,Black,24.56,2XL
1007-2,6GH6RN6NU44,Bomber Sweatshirt,Stalwart Styles,Blue,40.6,3XL
1007-2,8DJ2RX7WT05,Pleated Dress Pants,Urban Chic,Blue,13.23,L
1007-2,7A42Q03MN20,Training Shorts,Vogue Couture,Brown,21.61,M
1007-2,8JE9N50AG80,Canvas Sneakers,Stalwart Styles,Black,51.46,XL
1007-2,1KE3VY3YG33,Corduroy Jacket,Trendsetter Threads,White,31.21,M
1007-2,6RK8QH5GJ00,Cargo Jogger Shorts,Gentleman's Attire,Black,15.53,S
1007-2,7N14RF7VM01,Mock Neck Sweater,Urban Chic,Gold,154.37,XS
1007-2,6RJ5C67JN83,Ski Pants,Trendsetter Threads,Gold,93.62,XL
1007-2,1DC6MQ6EE31,Fleece Zip-up Jacket,Stalwart Styles,Gray,46.58,3XL
1007-2,5V18C87EX96,Beach Shorts,Vogue Couture,Gray,27.18,3XL
1007-2,8Y18HN2FX67,Rugby Sweater,Gentleman's Attire,Black,25.05,XS
1007-2,4QJ0JG4KR87,Linen Blazer,Urban Chic,Camel,32.89,XS
1007-2,6NF6T09NQ34,Jogger Shorts,Trendsetter Threads,Black,30.42,M
1007-2,6JN2HM8YH08,Ski Gloves,Stalwart Styles,Camel,17.58,2XL
1007-2,5R78WD1WH65,Polo Sweater,Vogue Couture,White,29.55,XS
1005-1,5UW6HD6AA71,Skip 'n' Hop Rope,Giggly Gadgetry,Blue,37.37,Free
1005-1,1RH1VX4EK30,Silly Sprout Stacking Rings,Giggly Gadgetry,Green,14.32,Free
1005-1,4U34CM9KF76,Twinkle Twirl Wand,Giggly Gadgetry,Pink,80.19,Free
1005-1,2E11XJ9KY95,Chatterbox Chimp Plush,Giggly Gadgetry,Brown,67.97,Free
1005-1,7T02PD0YW31,Tic Tac Toe Toss,Giggly Gadgetry,Red,79.56,Free
1005-1,8X60WP8TU24,Rainbow Rattle,Giggly Gadgetry,Yellow,16.27,Free
1005-1,4VA2QW3ME42,Jolly Jumping Jacks,Giggly Gadgetry,Orange,65.9,Free
1005-1,4R43U78JR02,Pogo Pals,Giggly Gadgetry,Purple,11.99,Free
1005-1,7WJ3HU4KR30,Wobble Worm Pull Toy,Giggly Gadgetry,Black,63.94,Free
1005-1,1K69WR7QD83,Hoot 'n' Toot Kazoo,Giggly Gadgetry,White,67.84,Free
1005-1,3VR6AP7DA89,Squiggle Scribble Crayons,Giggly Gadgetry,Blue,22.78,Free
1005-1,5MM5E06PE56,Zig Zag Zebra Puzzle,Giggly Gadgetry,Green,81.27,Free
1005-1,3RP0YG6GR50,Ring-a-Ding Ding Dong Bell,Giggly Gadgetry,Red,17.97,Free
1005-1,7KG2QM5DE79,Snappy Snap Blocks,Giggly Gadgetry,Yellow,44.54,Free
1005-1,4GU9Q60GJ24,Peppy Penguin Plush,Giggly Gadgetry,White,9.42,Free
1005-1,8CG6JY0JY77,Tricky Tracks Train Set,Giggly Gadgetry,Black,48.86,Free
1005-1,3F72UN6ET50,Dino Dash Dinosaur Figure,Giggly Gadgetry,Green,16.61,Free
1005-1,3U00EQ5YG87,Whimsy Wobble Walker,Giggly Gadgetry,Blue,17.38,Free
1005-1,3HY3N10KG62,Bubble Bop Bath Toy,Giggly Gadgetry,Yellow,91.49,Free
1005-1,7H97W05EC17,Giggle Gear Goggles,Giggly Gadgetry,Orange,67.44,Free
1005-1,2K86UX5NP59,Squishy Squirt Squid,Giggly Gadgetry,Purple,54.15,Free
1005-1,9KE0C80EQ28,Twirly Whirly Whistle,Giggly Gadgetry,Red,29.79,Free
1005-1,7UN6HA4FE12,Beep Beep Bus,Giggly Gadgetry,Yellow,62.7,Free
1005-1,6R79UP4MQ51,Fluffy Floppy Teddy Bear,Giggly Gadgetry,Brown,47.99,Free
1005-1,1C42NT2VC47,Splash 'n' Dash Boat,Giggly Gadgetry,Blue,60.13,Free
1005-1,1RW7N51AM55,Roly Poly Rollers,Giggly Gadgetry,Red,88.29,Free
1005-1,6UE1YE8CY27,Jittery Jester Jigsaw Puzzle,Giggly Gadgetry,Yellow,103.27,Free
1005-1,4C71UQ4CY87,Hoop 'n' Loop Hula Hoop,Giggly Gadgetry,Green,39.7,Free
1005-1,2AQ4RA9WC95,Fuzzy Wuzzy Wombat Plush,Giggly Gadgetry,Brown,61.86,Free
1005-1,3NQ4MH0AD85,Boogie Woogie Bug,Dizzy Doo,Yellow,101.15,Free
1005-1,8G96T71GV96,Giggle Wiggle Worm,Dizzy Doo,Green,9.69,Free
1005-1,3RJ5VP0VT66,Hop 'n' Pop Popcorn Maker,Dizzy Doo,Red,38.82,Free
1005-1,4HN8KJ4AN20,Whizzy Wacky Wiggle Ball,Dizzy Doo,Blue,56.11,Free
1005-1,8NX5VM2FK97,Tippy Toe Turtles,Dizzy Doo,Green,73,Free
1005-1,7WR1RP6MW33,Clang 'n' Bang Cymbals,Dizzy Doo,Silver,45.93,Free
1005-1,8A73R04AM17,Dizzy Doo Doo Dart,Dizzy Doo,Red,67.89,Free
1005-1,6VT4TC0AD68,Squish 'n' Squeeze Stress Ball,Dizzy Doo,Blue,102.36,Free
1005-1,8C29EA3PQ86,Gooey Giggly Gummy Bear,Dizzy Doo,Yellow,67.07,Free
1005-1,8TN4MR0MG12,Snazzy Snail Pull Toy,Dizzy Doo,Green,76.85,Free
1005-1,2E90WN4YH34,Zip 'n' Zap Zebra,Dizzy Doo,Black,61.38,Free
1005-1,5N28QX7XE19,Tumble Tot Blocks,Dizzy Doo,Blue,70.81,Free
1005-1,8G87P25KF45,Flap 'n' Flop Flamingo,Dizzy Doo,Pink,92.68,Free
1005-1,1CK6D40AJ62,Wacky Wiggle Worm,Dizzy Doo,Green,25.53,Free
1005-1,5Y55K16WV99,Twisty Turn Tornado,Dizzy Doo,Red,22.66,Free
1005-1,2PX5HE8RV32,Zippy Zoom Zoomer,Dizzy Doo,Blue,69.92,Free
1005-1,2UJ2AM7MQ80,Slinky Springy Snake,Dizzy Doo,Green,19.15,Free
1005-1,6D73C39JV27,Jolly Jumping Jester,Dizzy Doo,Red,17.18,Free
1005-1,6CK7V69UP12,Dizzy Doo Doo Duck,Dizzy Doo,Yellow,49.16,Free
1005-1,7VU4WR6CR12,Pitter Patter Puppy Plush,Dizzy Doo,Brown,13.21,Free
1005-1,1WK2JD5KQ65,Fluttery Flicker Firefly,Dizzy Doo,Yellow,49.54,Free
1005-1,9FF4T49MR05,Silly Slithering Snake,Dizzy Doo,Green,29.95,Free
1005-1,4RV3UH6RU71,Rocket Racer,Dizzy Doo,Red,83.44,Free
1005-1,3GC8AY4NP35,Super Speedster,Dizzy Doo,Blue,82.48,Free
1005-1,3AG7P53QD89,Zoom Zoom Car,Dizzy Doo,Yellow,57.4,Free
1005-1,5X49PJ5JQ70,Adventure Action Figure,Dizzy Doo,Green,54.8,Free
1005-1,8XM4FG5YW83,Magic Wand,Whirly Twirly Toys,Pink,20.48,Free
1005-1,5D22HQ2CF81,Flying Disc,Whirly Twirly Toys,Blue,11.2,Free
1005-1,9UE3KK9HC72,Bubble Blower,Whirly Twirly Toys,Yellow,26.49,Free
1005-1,2EK0Q11DW89,Puzzle Playset,Whirly Twirly Toys,Red,30.44,Free
1005-1,6QG0TH6TE40,Water Gun,Whirly Twirly Toys,Blue,104.85,Free
1005-1,9TD4D92YD87,Toy Telescope,Whirly Twirly Toys,Black,70.19,Free
1005-1,9RC3TN3KR10,Colorful Crayons,Whirly Twirly Toys,Red,8.52,Free
1005-1,8HM8FQ3CU45,Jigsaw Puzzle,Whirly Twirly Toys,Blue,79.39,Free
1005-1,8RJ5MX7PA30,Plush Teddy Bear,Whirly Twirly Toys,Brown,96.73,Free
1005-1,7Y65DK1DT83,Dollhouse Dream,Whirly Twirly Toys,Pink,64.94,Free
1005-1,8A43JT7WJ97,Dino Dig Kit,Whirly Twirly Toys,Green,99.49,Free
1005-1,6JV7M99CK28,Remote Control Car,Whirly Twirly Toys,Red,31.78,Free
1005-1,6M80YW4FG10,Stuffed Unicorn,Whirly Twirly Toys,White,23.13,Free
1005-1,4FJ8X96PE09,Building Blocks,Whirly Twirly Toys,Blue,45.27,Free
1005-1,8KM5P47NP49,Ring Toss Game,Whirly Twirly Toys,Blue,106.31,Free
1005-1,1FC5FN3HK46,Play Kitchen Set,Whirly Twirly Toys,Pink,38.84,Free
1005-1,8TH8GX4QA76,Dental Dog Treats,Whirly Twirly Toys,Brown,83.07,Free
1005-1,5WA3E87JV42,Waterproof Pet Mat,Whirly Twirly Toys,Blue,100.85,Free
1005-1,9RJ5N08RQ62,Squeaky Chew Toy,Whirly Twirly Toys,Yellow,11.78,Free
1005-1,4FU1UA1AR86,Reflective Pet Collar,Whirly Twirly Toys,Orange,99.53,Free
1005-1,2EA8JX4PP61,Pet Hair Remover Brush,Whirly Twirly Toys,Blue,24.01,Free
1005-1,8VE8VD9DH82,Dog Poop Bags,Whirly Twirly Toys,Green,1.74,Free
1008-1,3GX3EX4NF67,Smart TV,TechElite,Black,3033.24,Default
1008-1,1P68F92ED83,Wireless Headphones,TechElite,Gray,3379.56,Default
1008-1,8F21FW6HR22,Fitness Tracker,TechElite,Black,374.62,Default
1008-1,6TE1AA3TC56,Robot Vacuum,TechElite,White,1759.11,Default
1008-1,2X14GE5JE78,Digital Camera,TechElite,Black,899.73,Default
1008-1,3QM2QJ2PD04,Laptop Computer,TechElite,Silver,3970.68,Default
1008-1,6RF5GV2JF09,Smartwatch,TechElite,Black,3270.51,Default
1008-1,4N54NK1AP14,Drone,TechElite,Gray,3109.14,Default
1008-1,2T46E72UT34,Portable Charger,TechElite,Black,2853.2,Default
1008-1,8CU1RU6NP44,E-Reader,TechElite,White,1107.83,Default
1008-1,5CX6FJ6QV35,Action Camera,TechElite,Gray,3463.39,Default
1008-1,3J07HV4HJ69,Tablet Device,TechElite,Black,1889.64,Default
1008-1,9MV7Y04QY27,Smart Thermostat,TechElite,White,3458.64,Default
1008-1,1NM6FP0AM41,Smart Light Bulb,TechElite,White,4598.14,Default
1008-1,6M32W77QE04,Wireless Security Camera,TechElite,Black,2867.64,Default
1008-1,8DH9VN0XG54,Portable Power Bank,TechElite,Black,1746.55,Default
1008-1,5DM0JQ4WC42,Smart Mirror,TechElite,Gray,4033.46,Default
1008-1,6J05DK5NE29,Portable CD Player,TechElite,Black,2221.48,Default
1008-1,7ED7KU1ME13,Wireless Charging Stand,TechElite,Black,302.57,Default
1008-1,5XA1DC9TW91,Smart Alarm Clock,TechElite,White,1076.27,Default
1008-1,2WM3HU0UT28,Wearable Camera,TechElite,Black,3557.22,Default
1008-1,6QJ3F13UM57,Smart Ring,TechElite,Black,4582.8,Default
1008-1,3EC9EY7UV30,Smart Garden System,TechElite,Green,1089.53,Default
1008-1,6FU9YR4DJ53,Smart Weather Station,TechElite,White,1425.17,Default
1008-1,2TF3VW5FK41,Smart Glasses,TechElite,Black,1341.69,Default
1008-1,4D17HD6QN38,Wireless Barcode Scanner,TechElite,Gray,1128.45,Default
1008-1,5K13H42VN39,Smart Kitchen Scale,TechElite,White,2564.18,Default
1008-1,7X87WQ9RU79,Smart Umbrella,TechElite,Black,4389.56,Default
1008-1,1H21FD5EM23,Bluetooth Speaker,NovaTech,Black,4519.85,Default
1008-1,2KY4N56FK00,Gaming Console,NovaTech,Black,3846.58,Default
1008-1,6AM0UD3GR27,Gaming Mouse,NovaTech,Black,2265.9,Default
1008-1,4CW5UP7QD44,Gaming Headset,NovaTech,Black,1907.41,Default
1008-1,8J59JK0QT54,Gaming Monitor,NovaTech,Black,2367.51,Default
1008-1,1MG5J33DQ09,Gaming Controller,NovaTech,Black,78.92,Default
1008-1,1EF1H46JK87,Handheld Gaming Console,NovaTech,Black,104.3,Default
1008-1,5TJ3EK4JJ51,Smart Doorbell,FutureTech,Black,174.12,Default
1008-1,8XE6XV0DA95,Streaming Device,FutureTech,Black,184.98,Default
1008-1,8TH3C50HX71,Virtual Reality Headset,FutureTech,Black,260.59,Default
1008-1,7CM8R02MK19,Smart Ceiling Fan,FutureTech,White,228.4,Default
1008-1,8M50VW1UR07,Smart Coffee Maker,FutureTech,Black,169.56,Default
1008-1,5DR3M03AF23,Smart Water Bottle,FutureTech,Gray,109.38,Default
1008-1,7DR8XM6HT35,Smart Picture Frame,FutureTech,Black,6.86,Default
1008-1,2CP1RC9KY88,Smart Lock,FutureTech,Gray,116.92,Default
1008-1,6YD5PR4MN09,Smart Backpack,FutureTech,Black,120.62,Default
1008-1,1W11XF2TG62,Smart Pet Feeder,FutureTech,White,46.18,Default
1008-1,6W53XX0VH98,Smart Wristband,FutureTech,Black,312.64,Default
1008-1,6AX0KU2YW33,Wireless Mouse,GigaGadgets,Black,63.47,Default
1008-1,7WY7AR5WT83,Home Security Camera,GigaGadgets,Black,222.7,Default
1008-1,8GH5D71VW91,Smart Home Hub,GigaGadgets,Black,98.2,Default
1008-1,1PW0T43NM59,Electric Toothbrush,GigaGadgets,White,161.34,Default
1008-1,2NJ3GK8KU14,Car Dash Cam,GigaGadgets,Black,151.12,Default
1008-1,1TT9QH4NY95,Smart Plug,GigaGadgets,White,283.51,Default
1008-1,8UQ3TQ0QF98,Wireless Router,GigaGadgets,Black,209.6,Default
1008-1,6MG9MC2NG59,Electric Scooter,GigaGadgets,Black,130.34,Default
1008-1,2PP8VM4MP49,Solar Power Bank,GigaGadgets,Black,35.63,Default
1008-1,8C37X05FV90,Electric Bike,GigaGadgets,Black,34.84,Default
1008-1,8QP9P86UH73,Electric Shaver,TechElite,Gray,152.61,Default
1008-1,9QM1Y50DE26,Portable Bluetooth Speaker,NovaTech,Black,207.39,Default
1008-1,3HC3EC7NF29,Fitness Smartwatch,TechElite,Black,234.28,Default
1008-1,9XQ5VV5EW76,Wireless Earbuds,TechElite,Black,218.25,Default
1008-1,8MF3HR6NM68,Smart Scale,FutureTech,White,180.87,Default
1008-1,7FW5E80FG12,Smart Vacuum Cleaner,TechElite,Black,182.65,Default
1008-1,1CD5QJ9DE22,Gaming Keyboard,NovaTech,Black,211.07,Default
1008-1,3GF0QP5XQ14,Streaming Stick,FutureTech,Black,138.22,Default
1008-1,3GJ7T34VY58,VR Headset,FutureTech,Black,217.2,Default
1008-1,5RJ0EP2PT86,Smart Oven,FutureTech,Black,277.76,Default
1008-1,9EU9K95PG07,Home Assistant,FutureTech,Gray,93.12,Default
1008-1,8T40TJ8WA84,Smart Garage Door Opener,FutureTech,Black,119.59,Default
1008-1,3KU0CU2KM41,Smart Water Leak Detector,FutureTech,White,171.97,Default
1008-1,2AP0DN3GE93,Wireless Gaming Headset,NovaTech,Black,2.11,Default
1008-1,9UG7N87PP35,Bluetooth Gamepad,NovaTech,Black,228.08,Default
1008-1,8RF8EF8RD05,Wireless Controller Charger,NovaTech,Black,152.88,Default
1008-1,6FX8TX9JD34,Wireless Gaming Mouse,NovaTech,Black,184.33,Default
1008-1,8D46HR8PT17,Gaming Headphone Stand,NovaTech,Black,71.79,Default
1008-1,2YJ3YN2DP45,Gaming Desk,NovaTech,Black,207.91,Default
1008-1,1VA4GW7TK38,Virtual Reality Gloves,FutureTech,Black,108.98,Default
1008-1,9GN6Y77YD25,Smart Baby Monitor,FutureTech,White,275.82,Default
1008-1,1UD9YC5EA17,Smart Refrigerator,FutureTech,Silver,154.6,Default
1008-1,1D22FP6FQ23,Smart Thermostat,FutureTech,White,17.86,Default
1008-1,6G57MM7UX85,Smart Door Lock,FutureTech,Black,184.77,Default
1008-1,5V16GF1RE57,Smart Light Switch,FutureTech,White,64.07,Default
1008-1,8M06AA7FW06,Smart Speaker,FutureTech,Black,230.77,Default
1004-1,6WU4MY1NC09,Plush Floor Rug,RusticCharm,Beige,274.07,L
1004-1,6FH4QC2XJ70,Cozy Floor Rug,LuxeLiving,Brown,363.06,S
1004-1,5GG7A71DJ43,Soft Floor Rug,CozyHaven,Gray,315.29,M
1004-1,6EC4AF8XH81,Fluffy Floor Rug,RusticCharm,White,204.21,XL
1004-1,3PQ4YQ9XV54,Sheer Curtain,CozyHaven,White,34.88,L
1004-1,3R21F88QW42,Velvet Curtain,CozyHaven,Black,10.63,XL
1004-1,9NP3VW1HH90,Stylish Floor Rug,LuxeLiving,Blue,32.96,M
1004-1,6UN1TJ3YF24,Elegant Curtain,ArtisanHome,Gray,324.86,M
1004-1,5UQ9H67TY77,Silk Curtain,RusticCharm,Silver,54.12,XL
1004-1,9KX3R82XH17,Soft Bed Sheet,LuxeLiving,White,20.68,XL
1004-1,7R97M49JX93,Cotton Bed Sheet,ArtisanHome,Ivory,250.78,S
1004-1,4DA2QM4VC71,Linen Bed Sheet,LuxeLiving,Gray,183.37,M
1004-1,1AT9FC6UN05,Satin Bed Sheet,LuxeLiving,Champagne,317.46,L
1004-1,3PX2RJ1RY98,Fitted Bed Sheet,LuxeLiving,Navy,125.79,S
1004-1,1X71JD6QF04,Patterned Bed Sheet,ArtisanHome,Floral,332.23,M
1004-1,2PF4YF0XN09,Floral Bed Sheet,RusticCharm,Pink,278.3,L
1004-1,3D28T37MH89,Striped Bed Sheet,LuxeLiving,Gray,3.28,XL
1004-1,3H82HE0YF70,Duvet Quilt Cover,ArtisanHome,White,245.13,L
1004-1,1KT1CG4EU68,Embossed Quilt Cover,LuxeLiving,Beige,49.5,M
1004-1,9Y46P59HU11,Printed Curtain,CozyHaven,White,171.18,L
1004-1,3N62GK6AA99,Embroidered Curtain,ArtisanHome,Beige,373.82,S
1004-1,5QM7TE8JQ60,Jacquard Quilt Cover,ArtisanHome,Brown,90.6,L
1004-1,9KY0Y40XF72,Linen Quilt Cover,ArtisanHome,Natural,313.12,M
1004-1,3QF3FJ5EU94,Plaid Quilt Cover,ArtisanHome,Red,38.01,XL
1004-1,8C58TU5PE76,Checked Quilt Cover,RusticCharm,Black,135.47,S
1004-1,3N13UN3WE66,Patchwork Quilt Cover,RusticCharm,Black,168.7,L
1004-1,8G80GY1YK31,Geometric Quilt Cover,RusticCharm,Black,273.46,M
1004-1,8WQ7XA8QC90,Bohemian Quilt Cover,ArtisanHome,Gold,313.77,XL
1004-1,8WH1MW4WG57,Embellished Cushion Cover,CozyHaven,Gold,70.4,L
1004-1,5YH4Q69RQ72,Fringed Cushion Cover,CozyHaven,Beige,365.21,M
1004-1,2QH2DW0HW49,Tasseled Cushion Cover,LuxeLiving,Gray,340.94,S
1004-1,2FX6JU8DG51,Embroidered Cushion Cover,ArtisanHome,Green,100.26,XL
1004-1,8P71FQ3EY86,Knitted Cushion Cover,ArtisanHome,Green,378.41,L
1004-1,3R39UV8HH22,Velvet Cushion Cover,ArtisanHome,Silver,120.37,M
1004-1,3W43X93XD24,Sequined Cushion Cover,LuxeLiving,Silver,161.08,S
1004-1,9M98T18UE75,Crochet Cushion Cover,CozyHaven,Black,90.81,XL
1004-1,9NT8MY7YJ09,Tonal Cushion Cover,CozyHaven,Blue,356.57,L
1004-1,9U13KC2FP38,Abstract Cushion Cover,CozyHaven,Multicolor,241.28,M
1004-1,2W17D23WJ82,Minimalist Table Lamp,LuxeLiving,Black,110.12,S
1004-1,7R59FV1RP40,Contemporary Table Lamp,LuxeLiving,White,308.48,XL
1004-1,4H90V22HY56,Vintage Table Lamp,LuxeLiving,Brown,179.87,L
1004-1,3DV0EA6HX07,Industrial Table Lamp,ArtisanHome,Gray,100.5,M
1004-1,5TD5FY6VD00,Art Deco Table Lamp,RusticCharm,Gold,124.71,XL
1004-1,3KX9J46CK33,Glass Table Lamp,LuxeLiving,Clear,45.27,S
1004-1,3UQ6JC1FJ55,Ceramic Table Lamp,RusticCharm,Gray,287.82,L
1004-1,2K90F96PU95,Marble Table Lamp,RusticCharm,Gray,273.68,M
1004-1,8YX4VY7CV78,Metal Table Lamp,EvergreenDecor,Silver,72,XL
1004-1,7EH2J29JV57,Wooden Table Lamp,ModernNest,Gray,102.78,L
1004-1,7HR0PQ5VU71,Antique Wall Mirror,LuxeLiving,Gray,196.16,M
1004-1,3U13J03GT52,Round Wall Mirror,ModernNest,Silver,210.11,XL
1004-1,5H28Q77YH37,Oval Wall Mirror,LuxeLiving,White,335.47,S
1004-1,3MJ8Y97EK56,Rectangular Wall Mirror,EvergreenDecor,Black,289.69,L
1004-1,9YC6WQ9QR18,Sunburst Wall Mirror,EvergreenDecor,Gold,30.54,M
1004-1,3NY2NJ3MA71,Full-Length Wall Mirror,ModernNest,Gray,50.23,XL
1004-1,6VD1WV7TN49,Minimalist Candle Holder,LuxeLiving,Black,274.9,L
1004-1,7FH9G70TY19,Modern Candle Holder,EvergreenDecor,Silver,42.55,M
1004-1,2HM8QV5KF10,Rustic Candle Holder,ModernNest,Brown,237.85,XL
1004-1,2YF8RW6WM92,Geometric Candle Holder,ModernNest,Brown,170.7,S
1004-1,9PJ4JD6DY85,Glass Candle Holder,LuxeLiving,White,88.64,S
1004-1,6PA4T31GN86,Metal Candle Holder,EvergreenDecor,Black,52.13,L
1004-1,1W01T69JE65,Wooden Candle Holder,LuxeLiving,Silver,9.89,M
1004-1,3GV7G81TW32,Ceramic Candle Holder,ModernNest,White,180.02,M
1004-1,5W60EF8NC85,Marble Candle Holder,LuxeLiving,Gray,272.32,L
1004-1,7JM1DQ6PQ60,Crystal Candle Holder,EvergreenDecor,Clear,294.68,XL
1004-1,9WK9GQ7YC92,Floating Wall Shelf,EvergreenDecor,Black,97.09,S
1004-1,9YC9YR2JD59,Corner Wall Shelf,ModernNest,White,184.58,XL
1004-1,8J91H08UU87,Rustic Wall Shelf,LuxeLiving,Brown,341.84,L
1004-1,7QT1T38CQ83,Industrial Wall Shelf,EvergreenDecor,Gray,233.12,M
1004-1,6J99CV7QD22,Hexagonal Wall Shelf,ModernNest,Natural,78.45,S
1004-1,1NX6H09YQ01,Cubby Wall Shelf,LuxeLiving,Oak,364.56,XL
1004-1,3GJ4V29TU28,Gallery Wall Shelf,ModernNest,Espresso,31.53,L
1004-1,3F30JC7KQ05,Ladder Wall Shelf,EvergreenDecor,Walnut,202.25,M
1004-1,6EW8P82DX52,Zigzag Wall Shelf,EvergreenDecor,Gray,317.67,XL
1004-1,1NF6QT5JE46,Baroque Wall Shelf,EvergreenDecor,Gold,223.2,S
1004-1,4QF2T92QX24,Faux Plant Set,ArtisanHome,Green,313.12,Free
1004-1,8FX4N95KR37,Succulent Plant Set,ArtisanHome,Assorted,246.38,Free
1004-1,4WV8UE2MG42,Fern Plant Set,ArtisanHome,Green,379.96,Free
1004-1,8EJ5FV0EY16,Cactus Plant Set,ArtisanHome,Green,259.19,Free
1004-1,5HC2NX5MK84,Orchid Plant Set,EvergreenDecor,Purple,102.82,Free
1004-1,4CF9AF4XA40,Boho Wall Tapestry,RusticCharm,Beige,23.96,L
1004-1,1DP7G08XP69,Macrame Wall Tapestry,RusticCharm,Beige,234.16,XL
1004-1,7TW0V34AQ54,Floral Wall Tapestry,RusticCharm,Multicolor,67.64,S
1004-1,4UH9UJ4YK53,Vintage Wall Tapestry,EvergreenDecor,Blue,304.24,M
1004-1,8K16YR8YR84,Minimalist Wall Tapestry,EvergreenDecor,Gray,364.42,L
1004-1,7D27VR1JU52,Contemporary Wall Tapestry,EvergreenDecor,Teal,90.63,XL
1004-1,7VE3N87RX07,Antique Wall Hook,EvergreenDecor,Bronze,333.36,S
1004-1,6YN6MU7XN42,Vintage Wall Hook,RusticCharm,Brass,9.87,M
1004-1,5QR1UG6RR05,Rustic Wall Hook,RusticCharm,Brown,83.74,L
1004-1,5H50PH9ER98,Modern Wall Hook,RusticCharm,Silver,18.57,XL
1004-1,8U77VK4DD30,Industrial Wall Hook,SerenitySpace,Gray,145.38,S
1004-1,5AR4P18VD58,Decorative Wall Decal,SerenitySpace,Black,60.67,Free
1004-1,3D78VD0UW70,Floral Wall Decal,SerenitySpace,Pink,235.5,Free
1004-1,4N11CJ2CX58,Geometric Wall Decal,SerenitySpace,Gray,265.72,Free
1004-1,6WC7WC7HJ83,Typography Wall Decal,SerenitySpace,Black,368.58,Free
1004-1,5CT8J76PU92,Botanical Wall Decal,ArtisanHome,Green,189.06,Free
1004-1,9KJ7PC5KR59,Animal Wall Decal,ArtisanHome,Blue,121.88,Free
1004-1,7NV0MM2GU87,Patterned Wall Decal,RusticCharm,Multicolor,385.94,Free
1004-1,6DP7HG3CQ11,Minimalist Wall Decal,RusticCharm,White,380.1,Free
1004-1,4G53F37RT46,Decorative Vase Set,RusticCharm,Blue,166.04,Free
1004-1,7F70TQ9CN22,Ceramic Vase Set,RusticCharm,Assorted,52.95,Free
1004-1,7E76VV3JA79,Glass Vase Set,RusticCharm,Green,307.15,Free
1004-1,6FA1RE4WG80,Metal Vase Set,EvergreenDecor,Green,187.04,Free
1004-1,9YW3WM0YQ23,Wooden Vase Set,CozyHaven,Purple,47.32,Free
1004-1,3QQ2X11MX98,Marble Vase Set,SerenitySpace,Beige,73.14,Free
1004-1,5CP9DJ1MD50,Decorative Tray Set,ArtisanHome,Beige,336.51,Free
1004-1,1RH8MJ7TY00,Mirrored Tray Set,RusticCharm,Multicolor,148.81,Free
1004-1,3XQ5TT6HC12,Wood-Grain Tray Set,CozyHaven,Blue,225.19,Free
1004-1,2XG3GF7YT79,Geometric Tray Set,SerenitySpace,Gray,216.45,Free
1004-1,2J72GT1DA42,Marble Tray Set,RusticCharm,Gray,321.2,Free
1004-1,9T24WQ4AW08,Vintage Tray Set,CozyHaven,Gray,316.35,Free
1004-1,3UP4W84HA40,Bohemian Tray Set,SerenitySpace,Black,70.45,Free
1004-1,2Q75TM9FG90,Coastal Tray Set,RusticCharm,Green,295.95,Free
1004-1,1XQ4RF6VV98,Modern Tray Set,CozyHaven,Blue,274.8,Free
1009-1,1Q00U79RQ92,Coffee Maker,EcoLiving,Black,108.73,Free
1009-1,5DR1M38YW11,Stainless Steel Water Bottle,GreenHome,Silver,170.69,L
1009-1,2RC7Y26TM64,Ceramic Mug Set,Nature's Way,White,138.89,Free
1009-1,1JC5W24PJ52,Non-Stick Cookware Set,Earthy Essentials,Gray,28.95,Free
1009-1,1GJ8UA4WH44,Glass Food Storage Containers,Sustainable Solutions,Clear,302.14,L
1009-1,5MN2A10FG43,Bamboo Cutting Board,PureBamboo,Natural,329.57,Free
1009-1,6Y25D82GF57,Silicone Kitchen Utensil Set,Organic Choice,Gray,288.28,Free
1009-1,6FE8M95DN26,Reusable Grocery Bags,EcoLiving,Green,73.88,L
1009-1,4FN1XJ1QF33,Organic Cotton Towel Set,GreenHome,White,13.03,Free
1009-1,3N92UU3KG10,Essential Oil Diffuser,Nature's Way,White,125.93,Free
1009-1,7W49Q79AH15,Aromatherapy Candles,Earthy Essentials,Ivory,313.79,Free
1009-1,9RJ2QK3DE37,Handheld Milk Frother,Sustainable Solutions,Silver,79.26,Free
1009-1,7D50QF9PD74,Bamboo Dish Rack,PureBamboo,Natural,205.02,Free
1009-1,4H78CT2FX07,Stainless Steel Straw Set,Organic Choice,Silver,258.07,Free
1009-1,5J15H38WH46,Cloth Napkin Set,EcoLiving,Beige,70.24,Free
1009-1,4NU0E42TW50,Eco-Friendly Cleaning Brush Set,GreenHome,Green,173.79,Free
1009-1,4DX8P08KE60,Glass Meal Prep Containers,Nature's Way,Clear,313.6,Free
1009-1,5YK0D15FA43,Stainless Steel Lunch Box,Earthy Essentials,Silver,265.39,XL
1009-1,7V35PF7FA81,Eco-Friendly Dish Soap,Sustainable Solutions,Clear,114.07,Free
1009-1,6N29QJ2JV21,Beeswax Food Wrap Set,Organic Choice,Yellow,74.29,Free
1009-1,8VJ8PX2KH93,Silicone Baking Mat Set,EcoLiving,Gray,146.74,Free
1009-1,2CC1AG4ME66,Natural Laundry Detergent,GreenHome,White,52.98,Free
1009-1,6TH2MN1JA79,Wooden Hangers Set,Nature's Way,Brown,190.16,Free
1009-1,1FV3NC3ND01,Reusable Silicone Food Storage Bags,Nature's Way,Clear,146.42,M
1009-1,3NH1QX2AU14,Bamboo Toilet Brush Set,PureBamboo,Natural,244.42,Free
1009-1,3CJ9ND2WA32,Biodegradable Trash Bags,Sustainable Solutions,White,141.16,L
1009-1,8DV4JJ5MJ82,Stainless Steel Travel Cutlery Set,Organic Choice,Silver,37.98,Free
1009-1,4E61UC9GJ54,Bamboo Serving Tray,PureBamboo,Natural,234.07,Free
1009-1,4P04DE2TU61,Glass Water Pitcher,Nature's Way,Clear,208.28,Free
1009-1,3KK7C45QD90,Reusable Silicone Baking Cups,Earthy Essentials,Multicolor,147.38,M
1009-1,3RP5J00EF93,Wooden Salad Bowl Set,Sustainable Solutions,Brown,243.62,Free
1009-1,5RP2HA7XD88,Bamboo Hair Brush,PureBamboo,Natural,79.38,Free
1009-1,7UW2VJ7FP06,Stainless Steel Drinking Straws,GreenHome,Silver,129.64,Free
1009-1,4EJ5GV7UX97,Eco-Friendly Dishwashing Liquid,Nature's Way,Clear,308.74,Free
1009-1,6DJ3RJ0PQ36,Beeswax Wrap Roll,Earthy Essentials,Yellow,187.24,L
1009-1,9T97G83JJ05,Bamboo Drawer Organizer Set,PureBamboo,Natural,93.16,Free
1009-1,7XR1KY0NP64,Silicone Stretch Lids Set,Sustainable Solutions,Multicolor,54.37,Free
1009-1,2N96T17HC24,Cloth Produce Bags,Organic Choice,Black,228.62,XL
1009-1,1P27UK5QR81,Bamboo Kitchen Drawer Divider Set,PureBamboo,Natural,77.52,Free
1009-1,4J74R96RD54,Natural Dishwashing Brush Set,GreenHome,Brown,25.43,Free
1009-1,8JW2NA1MQ31,Stainless Steel Mixing Bowl Set,Nature's Way,Silver,150.28,Free
1009-1,7D09QR6MQ04,Reusable Cotton Swab Set,Sustainable Solutions,White,197.31,Free
1009-1,8VY8GV0JY38,Glass Spice Jar Set,Sustainable Solutions,Clear,182.52,Free
1009-1,5Y48F97CT45,Bamboo Desk Organizer Set,PureBamboo,Natural,105.47,Free
1009-1,9V04GW8VU41,Stainless Steel Water Filter Pitcher,Nature's Way,Silver,177.31,Free
1009-1,3N11EW5UN36,Silicone Stretch Wrap Set,Earthy Essentials,Clear,209.19,Free
1009-1,3AK6WP3RM41,Bamboo Bedside Caddy,PureBamboo,Natural,233.07,Free
1009-1,1K86J51FP88,Natural Fiber Scrub Brush Set,Organic Choice,Brown,25.84,Free
1009-1,1KY4KP6FT10,Glass Storage Jar Set,EcoLiving,Clear,121.32,Free
1009-1,7TJ3P43DA05,Eco-Friendly Dental Floss,GreenHome,White,62.05,Free
1009-1,9X74U70YP76,Reusable Food Storage Containers,Nature's Way,Clear,273.84,Free
1009-1,2G41RK5AM89,Glass Spray Bottle Set,Earthy Essentials,Clear,7.78,Free
1009-1,2PG0VP6XN22,Bamboo Bathtub Tray,PureBamboo,Natural,214.42,M
1009-1,9GH0U79HG66,Natural Fiber Dishcloth Set,Earthy Essentials,Beige,196.77,Free
1009-1,6R31D53AQ14,Bamboo Clothes Drying Rack,PureBamboo,Natural,76.4,Free
1009-1,4E80AQ2RY02,Stainless Steel Salad Spinner,EcoLiving,Silver,238.85,Free
1009-1,8G91U37YX34,Eco-Friendly Reusable Cups,GreenHome,White,130.32,Free
1009-1,2V04W00VP74,Organic Cotton Dish Towel Set,GreenHome,White,238.53,Free
1009-1,8KF3W63XT06,Stainless Steel Drinking Bottle,Sustainable Solutions,Silver,287.91,Free
1009-1,3F69E32TG10,Bamboo Utensil Set,PureBamboo,Natural,317.11,Free
1009-1,9CJ1Y13XC43,Reusable Silicone Stretch Lids,GreenHome,Multicolor,197.77,Free
1009-1,9E26TM8WE61,Glass Meal Prep Bowl Set,Nature's Way,Clear,120.45,Free
1009-1,3N65UG9YV09,Stainless Steel Measuring Spoon Set,Earthy Essentials,Silver,278.17,Free
1009-1,5J29RW9EP00,Eco-Friendly Silicone Food Storage Bags,Organic Choice,Clear,153.21,XL
1009-1,5MV2R75NY36,Wooden Utensil Set,Organic Choice,Brown,20.87,Free
1009-1,9QT3A43CX65,Reusable Glass Drinking Straws,EcoLiving,Clear,74.23,Free
1009-1,3KV3WC0CU51,Bamboo Drawer Organizer Tray,PureBamboo,Natural,245.33,M
1009-1,4TY8N90CV29,Stainless Steel Food Storage Containers,Nature's Way,Silver,316.06,L
1009-1,4DA6GQ9DN85,Eco-Friendly Laundry Detergent,Earthy Essentials,White,75.14,Free
1009-1,2TX1M14AH75,Glass Storage Container Set,Nature's Way,Clear,98.29,Free
1009-1,6H44E65GN69,Natural Fiber Laundry Hamper,Nature's Way,Beige,92.53,L
1009-1,6D40W17PE94,Stainless Steel Kitchen Canister Set,Nature's Way,Silver,77.82,Free
1009-1,8MM7MP4PW79,Bamboo Toothbrush Holder,PureBamboo,Natural,176.84,S
1009-1,6A24FN8QP00,Glass Water Bottle with Silicone Sleeve,GreenHome,Clear,30.73,Free
