customer_id,first_name,last_name,email,password,mobile,membership,caddress_id,gender,age
01HQP4D34PYQCNK67K7G8KNWJC,Beltran,Keuntje,bkeuntjebj@dmoz.org,lI3&=oVr5,844-348-9644,No,A01HQP4D34PYQCNK67K7G8KNWJC,Male,61
01HQP4D1D0ZMHFYANSSHBGTM38,Johan,Strowger,jstrowgercw@google.es,jR8=HyTK,410-149-7194,No,A01HQP4D1D0ZMHFYANSSHBGTM38,Female,59
01HQP4D4NBPDCJZCRPKNDE5713,Christina,Brognot,cbrognot4y@newsvine.com,dE6#mX7S(9ORR|`,718-952-1128,Yes,A01HQP4D4NBPDCJZCRPKNDE5713,Female,50
01HQP4D4G98G8T6PN4WJNBF5WA,Babbie,Czapla,bczaplaen@prnewswire.com,vH3.A&p(=Fvu0,250-552-4831,Yes,A01HQP4D4G98G8T6PN4WJNBF5WA,Male,36
01HQP4D797T67TNM63NP3JP21X,Nita,Antonio,nantonio5e@squidoo.com,"jF8\v|.L`|,47x#3",747-528-8358,No,A01HQP4D797T67TNM63NP3JP21X,Female,22
01HQP4D4GYXJBZD7MS5FVSACVA,Remington,Dumini,rduminiq6@oracle.com,eO3*VED@F,606-171-7893,No,A01HQP4D4GYXJBZD7MS5FVSACVA,Male,34
01HQP4D6DJ6NRKNKX6J19P4NKX,Livvyy,Chitson,lchitsonms@elpais.com,"eY7=>a$,5",118-899-0734,Yes,A01HQP4D6DJ6NRKNKX6J19P4NKX,Female,35
01HQP4D6MJNSCDJRD23M7A3532,Joaquin,Causton,jcauston39@delicious.com,qF8)DvYgd0W,403-293-8116,No,A01HQP4D6MJNSCDJRD23M7A3532,Female,24
01HQP4D2VJ6T87S46JE8N03AGF,Elmo,Robyns,erobyns8a@domainmarket.com,zE1_@/LYR?CM,310-453-2011,No,A01HQP4D2VJ6T87S46JE8N03AGF,Female,62
01HQP4D53Z2YVHDAZTFJD0438T,Ferguson,Uzzell,fuzzell6c@freewebs.com,oT0+Xrn`L/,276-533-4436,No,A01HQP4D53Z2YVHDAZTFJD0438T,Male,41
01HQP4D54VYC92C0STGV3G0QTP,Zeke,Eckh,zeckh6r@icq.com,iZ5)`fbmCG*_,438-161-8653,No,A01HQP4D54VYC92C0STGV3G0QTP,Female,46
01HQP4D6FXP31471V7T0SJK30N,Dallas,Jagels,djagelsd@cam.ac.uk,dW1/*iKak)LUx,883-550-1661,No,A01HQP4D6FXP31471V7T0SJK30N,Female,18
01HQP4D50AY6YE362S7XP8GH76,Susie,Murch,smurchad@odnoklassniki.ru,wN3}+>Ux$l)nnE|,814-305-1247,No,A01HQP4D50AY6YE362S7XP8GH76,Female,37
01HQP4CZRGF7ESTBAX4QJAYH5V,Megen,McKune,mmckuneij@free.fr,gI8.r'x&Rg|*,535-877-7959,No,A01HQP4CZRGF7ESTBAX4QJAYH5V,Male,42
01HQP4D4SMRR63VNR39K9RQBF7,Winna,Macieja,wmaciejags@pinterest.com,dD5<|s)2D5r,406-547-8629,Yes,A01HQP4D4SMRR63VNR39K9RQBF7,Female,36
01HQP4D4SP28ZRS1XKW8T1605K,Becky,O'Sheils,bosheilsgt@wix.com,jD8&4wCIXbCRaY8u,985-353-3310,No,A01HQP4D4SP28ZRS1XKW8T1605K,Female,55
01HQP4D30R2TTRGJ70XQFZ5B7N,Jenica,Faloon,jfaloonle@time.com,gJ2~0Yukg,834-308-4374,Yes,A01HQP4D30R2TTRGJ70XQFZ5B7N,Male,59
01HQP4D5164VK4QPEJ046NWTFB,Tully,Collinge,tcollingejr@fema.gov,mB9?5Ab'H/$T}V,739-301-9021,Yes,A01HQP4D5164VK4QPEJ046NWTFB,Female,62
01HQP4D4WT09Y4T38H5ZHGGAVE,Lowrance,Marre,lmarre2i@t.co,mF6`L{\R,176-212-3056,Yes,A01HQP4D4WT09Y4T38H5ZHGGAVE,Male,46
01HQP4D4HNTQPFTPF3WCE24R8M,Claudelle,Aspenlon,caspenlonql@freewebs.com,yM4?ru!Zo5x0@\1F,914-136-1666,Yes,A01HQP4D4HNTQPFTPF3WCE24R8M,Male,65
01HQP4D59G42V758BMGVQJDBTE,Graehme,Fullick,gfullick9n@studiopress.com,fI2_fr(%k6,242-289-4208,No,A01HQP4D59G42V758BMGVQJDBTE,Male,15
01HQP4CZQNTPTTCBVMCTRTYZ6N,Chandal,Terbrugge,cterbruggei3@nature.com,yU0(OkCWMdwq4JT,501-446-1134,No,A01HQP4CZQNTPTTCBVMCTRTYZ6N,Female,39
01HQP4D59XVYDQ70EJ0VWVVRAW,Bel,Hairs,bhairs9u@squarespace.com,iL0\Ac4{p3SL7,765-700-6823,Yes,A01HQP4D59XVYDQ70EJ0VWVVRAW,Female,47
01HQP4D5DCQGAXP791B4S2MDGG,Cynthie,Jermy,cjermyne@exblog.jp,aA2>n2m)xs2~i1{c,670-789-5304,Yes,A01HQP4D5DCQGAXP791B4S2MDGG,Female,24
01HQP4D6GDV96PKC2B4EYHFMMD,Farlie,Golt,fgoltp@wunderground.com,hL5@4H&a07fb@r,248-596-5055,Yes,A01HQP4D6GDV96PKC2B4EYHFMMD,Female,40
01HQP4D03MPZ93W7PB3HWMDDP8,Dorette,Gibson,dgibsoneg@umn.edu,iG1>a7N%Kp}qjkON,513-130-4756,Yes,A01HQP4D03MPZ93W7PB3HWMDDP8,Female,45
01HQP4D359C5S0WB10YRYQSCJD,Sunny,Fortnum,sfortnumbv@webmd.com,"pV3,+j(?~87qSVF+",289-240-9543,Yes,A01HQP4D359C5S0WB10YRYQSCJD,Female,41
01HQP4D60F64X2XCSQF2QZT56E,Letty,Mattiazzi,lmattiazzir6@samsung.com,"uG7,u1eiayxv4p*",756-546-5140,Yes,A01HQP4D60F64X2XCSQF2QZT56E,Male,33
01HQP4D30P7TEFWA4XYKHPTT2P,Thomasin,Nockalls,tnockallslc@istockphoto.com,sQ5=xGZrw2S,255-324-0190,Yes,A01HQP4D30P7TEFWA4XYKHPTT2P,Male,33
01HQP4D79YW57ABEGAZ0GA3ZZY,Bernarr,Neggrini,bneggrini5u@omniture.com,sL9@&y8C+=d,270-190-7588,No,A01HQP4D79YW57ABEGAZ0GA3ZZY,Male,57
01HQP4D4GJN7ZK0X1T6XHR13K3,Hillery,Gallager,hgallagerpz@prlog.org,"gQ2,=h7zp",142-865-0443,No,A01HQP4D4GJN7ZK0X1T6XHR13K3,Female,34
01HQP4D4RVWKP91SDB8V7YT5AR,Elka,Bidnall,ebidnallgg@g.co,qR3+(`6))Cx,381-357-4636,No,A01HQP4D4RVWKP91SDB8V7YT5AR,Male,36
01HQP4D4S1V9ANV9E6YE3GGF1E,Conchita,Devanney,cdevanneygj@shutterfly.com,wT8#}Knn4r?QV|7,916-803-4645,No,A01HQP4D4S1V9ANV9E6YE3GGF1E,Male,65
01HQP4D4HMZ21Z3G8XTE4JESXR,Lyssa,Bridge,lbridgefg@psu.edu,"hA5*_!#}`WIn""K",985-716-6627,Yes,A01HQP4D4HMZ21Z3G8XTE4JESXR,Male,33
01HQP4D6B0EQX6P9CXF7WZEEDE,Adara,Radenhurst,aradenhurstoa@topsy.com,sS1/HH}vYQGj2nbV,776-143-4470,No,A01HQP4D6B0EQX6P9CXF7WZEEDE,Female,26
01HQP4D507VJM0BBS21WNH8CWP,Yulma,Spracklin,yspracklinac@japanpost.jp,aO2{yPd)iD@Q9Y,323-327-9513,Yes,A01HQP4D507VJM0BBS21WNH8CWP,Female,36
01HQP4D5DRBHVB2EKR90AXXXA7,Faina,Mechic,fmechicni@sciencedirect.com,jO7$(*G(R$=5/,321-385-1683,No,A01HQP4D5DRBHVB2EKR90AXXXA7,Female,33
01HQP4D6Q6B2MT1KEZV1SN7MJM,Jobi,Whitefoot,jwhitefoot3y@wp.com,mP8<uzfM,309-855-4927,No,A01HQP4D6Q6B2MT1KEZV1SN7MJM,Female,52
01HQP4D4H78TVBBZ0YX5ZB6VK7,Sergeant,Schnieder,sschniederf5@wsj.com,tW7$K2KKO`*7E),817-225-1359,No,A01HQP4D4H78TVBBZ0YX5ZB6VK7,Female,22
01HQP4D32YEJYXJ5JX5JJVYB9N,Jacky,Gouly,jgoulydn@geocities.jp,"oT7+Rc""a(+s",999-973-9116,Yes,A01HQP4D32YEJYXJ5JX5JJVYB9N,Male,50
01HQP4D6DGY6XKYS1AHV3CJG7E,Giff,Batter,gbatterhb@biblegateway.com,aD5~Q$m&Vgrh&&Y?,514-942-4730,No,A01HQP4D6DGY6XKYS1AHV3CJG7E,Male,33
01HQP4D5AC9F6V493J6Y1GK0CV,Nobie,Tollady,ntolladyll@who.int,eL2+#|iiLYr,816-946-8644,No,A01HQP4D5AC9F6V493J6Y1GK0CV,Female,35
01HQP4D5ZGNWNRCPNXY864ZKRH,Rahal,Lyons,rlyonsp8@cdc.gov,tH0~~T=>%t}A#d,917-227-3242,Yes,A01HQP4D5ZGNWNRCPNXY864ZKRH,Female,44
01HQP4D4GW8M7JTCMF0DHZKSJK,Wendell,Brashier,wbrashierq5@wisc.edu,bO7|qSZT!,504-127-2411,No,A01HQP4D4GW8M7JTCMF0DHZKSJK,Female,18
01HQP4D5DJRPQY4QTMPHXHGEHN,Ashbey,Jadczak,ajadczakng@nbcnews.com,cS5>$|'nVwuPq,933-743-5340,Yes,A01HQP4D5DJRPQY4QTMPHXHGEHN,Female,16
01HQP4D6G97HT7QDVZRK448ZVS,Fannie,Johannes,fjohannesm@storify.com,yK1.gX\',298-129-0203,No,A01HQP4D6G97HT7QDVZRK448ZVS,Female,39
01HQP4D60635Q1SRYKM4ER7QT3,Vivienne,Burren,vburrenpq@oracle.com,eT6@~8WcQiV}k_@7,276-574-7306,Yes,A01HQP4D60635Q1SRYKM4ER7QT3,Male,56
01HQP4D2W4ASKT45D3ASGG4B4N,Hillard,Jesson,hjesson8k@sitemeter.com,jI6@FTefvV0n5a',762-563-3680,Yes,A01HQP4D2W4ASKT45D3ASGG4B4N,Male,47
01HQP4D6PPBEXTSZPKWH64AYTT,Ado,Dales,adales3q@com.com,aZ4`_J4=,619-726-7663,Yes,A01HQP4D6PPBEXTSZPKWH64AYTT,Male,54
01HQP4D6DR2YJS5QXHGY14R64H,Aleda,Woolis,awoolismv@skyrock.com,jL5\0WN9*t9gWaxF,334-825-2685,No,A01HQP4D6DR2YJS5QXHGY14R64H,Female,23
01HQP4D4HF94ZF20WV9BYR8Q76,Mae,Treadgear,mtreadgearqh@dailymotion.com,jT5@wy\B$2,774-282-8832,Yes,A01HQP4D4HF94ZF20WV9BYR8Q76,Male,24
01HQP4D53MKKN9H2FM2RC6CZ5E,Georgina,Delacroix,gdelacroix67@free.fr,"qH5~\g,t0t",792-255-0437,No,A01HQP4D53MKKN9H2FM2RC6CZ5E,Male,47
01HQP4D4MNP8SY9DZ5C1Y6P509,Rolland,O'Heagertie,roheagertie4l@github.com,"fY8,a}bhu1u{r",393-441-3669,Yes,A01HQP4D4MNP8SY9DZ5C1Y6P509,Male,50
01HQP4D7A7NHVZEW25GDVPJHYS,Kassia,Mizzi,kmizzi60@cnn.com,wY4&RfB),710-289-3287,Yes,A01HQP4D7A7NHVZEW25GDVPJHYS,Female,29
01HQP4D2TY1JZT2RDSN0GC7XMM,Towny,Prazer,tprazer81@usda.gov,"jJ8,H~LAa""Vz*7}P",128-548-4080,Yes,A01HQP4D2TY1JZT2RDSN0GC7XMM,Female,33
01HQP4D4931WQW1VV010C58PQ3,Alisun,Rasor,arasorg7@miitbeian.gov.cn,fW3?}Nk8,647-617-7279,Yes,A01HQP4D4931WQW1VV010C58PQ3,Female,17
01HQP4D4W7MJ82GGE9T859HX1S,Harcourt,Yellowlea,hyellowlea1z@rakuten.co.jp,sN4!\BNvIg,987-739-3924,No,A01HQP4D4W7MJ82GGE9T859HX1S,Male,21
01HQP4D4RP18XKMHM8KX3V94CY,Karole,Kemm,kkemmge@so-net.ne.jp,"mE8?%p<,K8",453-698-9487,Yes,A01HQP4D4RP18XKMHM8KX3V94CY,Male,18
01HQP4D48P0WK5FFKZC5HG0Z24,Raffaello,Crates,rcratesg0@squidoo.com,gP7}0Br8R\51RX?,704-258-0473,Yes,A01HQP4D48P0WK5FFKZC5HG0Z24,Male,17
01HQP4D6Q2668QNQZEHKB4YVW8,Katti,Eneas,keneas3w@cpanel.net,"kV6}n7pK,",922-613-5411,Yes,A01HQP4D6Q2668QNQZEHKB4YVW8,Male,60
01HQP4D17X37VBQFK98130RBQD,Val,Ambrodi,vambrodik4@princeton.edu,uF5&bp?!l<#,191-377-1391,Yes,A01HQP4D17X37VBQFK98130RBQD,Female,18
01HQP4D6AE78YJN8MGNQRQK6V1,Andres,Burge,aburgeo4@istockphoto.com,fQ0<jR`+<|,170-971-8991,No,A01HQP4D6AE78YJN8MGNQRQK6V1,Male,41
01HQP4D5ENDRBD0TKWR4BEVMRV,Dareen,De Moreno,ddemorenonx@technorati.com,jH6)Gy|4EW,692-672-4899,Yes,A01HQP4D5ENDRBD0TKWR4BEVMRV,Male,49
01HQP4D6QNN7MAY25SER5DJNR7,Temple,Micallef,tmicallef48@globo.com,wA4_fa_|Y#,645-724-7646,Yes,A01HQP4D6QNN7MAY25SER5DJNR7,Female,53
01HQP4D2V72D1461KYDFR6C8GC,Tades,Shedden,tshedden85@multiply.com,"fX4!""RNRFKuoox6",955-312-9109,Yes,A01HQP4D2V72D1461KYDFR6C8GC,Female,49
01HQP4CZTM8W68DCXCKRCGTJVD,Tracy,Fairburn,tfairburn7o@xing.com,yM4&BX%elc48,422-113-2174,Yes,A01HQP4CZTM8W68DCXCKRCGTJVD,Male,30
01HQP4D61H66XGQ7MTNRVCRZZ3,Delmer,Hatherall,dhatherallrq@umich.edu,"kC1#<,#91*o`t(",325-343-7672,No,A01HQP4D61H66XGQ7MTNRVCRZZ3,Male,27
01HQP4D5B0KF36KNB8WY8D6RH1,Crin,Cartwight,ccartwight14@archive.org,cR9#36Y!,334-994-9067,No,A01HQP4D5B0KF36KNB8WY8D6RH1,Male,31
01HQP4D35HCVSN92X24BANH67W,Tiffanie,Jurick,tjurickc0@bigcartel.com,jT2<!tmgXB,941-476-7089,Yes,A01HQP4D35HCVSN92X24BANH67W,Female,62
01HQP4D4WSKM7HRK76MS8QETW0,Eward,Goutcher,egoutcher2h@google.de,fN5&jx6v)oe!%h,322-614-2832,Yes,A01HQP4D4WSKM7HRK76MS8QETW0,Male,35
01HQP4D3Z4M9KA8T4Q7EC7W42B,Hastie,Rix,hrix8r@bbc.co.uk,tU4<)$/DJEktx,248-630-8115,Yes,A01HQP4D3Z4M9KA8T4Q7EC7W42B,Male,47
01HQP4D53HMQYWWEMKH95JM87J,Rabbi,Swindlehurst,rswindlehurst66@tamu.edu,uZ1=$CLc4q|Vc8d,890-278-8901,Yes,A01HQP4D53HMQYWWEMKH95JM87J,Female,48
01HQP4D4GC9Z4HMMKBQC3KRK24,Caldwell,Leates,cleatesep@jugem.jp,uO5)xxP|)q.g%,184-670-8198,Yes,A01HQP4D4GC9Z4HMMKBQC3KRK24,Male,50
01HQP4D6M89EEBBXVCCQCAW54D,Cornell,Farrant,cfarrant37@cbsnews.com,bL6{Z9~}Q}NYS,959-264-1885,Yes,A01HQP4D6M89EEBBXVCCQCAW54D,Male,55
01HQP4D4SWZYEDVVFAFHRX78Q2,Debor,Ioselevich,dioselevichgw@spotify.com,"qG3)dIx,u*$#Z",311-642-1971,Yes,A01HQP4D4SWZYEDVVFAFHRX78Q2,Female,62
01HQP4D5AAV1G5Z53C7NXDHJRY,Lorin,Bissex,lbissexlk@harvard.edu,yO2=FJER8R,497-477-5054,Yes,A01HQP4D5AAV1G5Z53C7NXDHJRY,Male,30
01HQP4D2ZS3Y5J8RGGP9H2DAEJ,Germaine,Reims,greimskt@utexas.edu,tA2*N3peEl\I}}y2,915-407-5456,No,A01HQP4D2ZS3Y5J8RGGP9H2DAEJ,Male,60
01HQP4D1CSN7RW4MEC1V7NJGVD,Sheff,Pharaoh,spharaohcp@shutterfly.com,aF1\P\hEiXikbF(5,490-939-8357,No,A01HQP4D1CSN7RW4MEC1V7NJGVD,Female,41
01HQP4D4SCZJ5T2P2X23NZ63Z2,Teodoro,Grund,tgrundgo@wikipedia.org,iF6<a1Yseh#Hn,165-282-7948,Yes,A01HQP4D4SCZJ5T2P2X23NZ63Z2,Male,64
01HQP4D5EF52WAF59QRT5WZ46J,Tades,Barnfield,tbarnfieldns@indiatimes.com,xQ0`gnw=D24T3,112-454-4449,No,A01HQP4D5EF52WAF59QRT5WZ46J,Male,50
01HQP4D5AWK3CB9BMTXRKK1TNN,Lowe,Witcherley,lwitcherley12@oakley.com,fM3)Fp~HN,358-858-9604,No,A01HQP4D5AWK3CB9BMTXRKK1TNN,Male,31
01HQP4D4M7HZVV7KW8WVVY0JJZ,Thalia,Arson,tarson4e@businessweek.com,tW4~7Bjyt,863-246-2002,Yes,A01HQP4D4M7HZVV7KW8WVVY0JJZ,Male,38
01HQP4D3018JDVJHBJRT3T65HQ,Ewart,Dary,edaryky@merriam-webster.com,"bI4,s$CTWt,S3y",775-832-5323,Yes,A01HQP4D3018JDVJHBJRT3T65HQ,Male,40
01HQP4D79WJMD7CN7EF3BJ6VD4,Clarice,Nudde,cnudde5s@state.gov,bR0..4|2p>uzz_p/,903-455-8454,Yes,A01HQP4D79WJMD7CN7EF3BJ6VD4,Female,32
01HQP4D610MQ6F5ZJSVC0NAPJC,Clarence,Baxandall,cbaxandallrf@is.gd,qN5)6(#3|Y\J6,927-922-4954,No,A01HQP4D610MQ6F5ZJSVC0NAPJC,Female,25
01HQP4D619H60543XR7YKDVDC6,Cherilyn,Minton,cmintonrl@dyndns.org,"nT1,TXC|&K",612-952-8648,No,A01HQP4D619H60543XR7YKDVDC6,Female,54
01HQP4D5AF65KZWACSPRQ5DHPJ,Terencio,Vanlint,tvanlintx@amazonaws.com,gO1<SMXA{y0X#Y,812-638-5125,Yes,A01HQP4D5AF65KZWACSPRQ5DHPJ,Female,62
01HQP4D03G7X6SDZHTDCA4GF05,Kahlil,Zanotti,kzanottied@chronoengine.com,"pC8\2""03Lg",647-639-4268,Yes,A01HQP4D03G7X6SDZHTDCA4GF05,Female,17
01HQP4D6FT82R95B43M7C64Y3Y,Pierrette,Hurd,phurdc@google.pl,pN2/|70k,810-211-6586,Yes,A01HQP4D6FT82R95B43M7C64Y3Y,Male,26
01HQP4D4W3H22QXDPSVE45PZ70,Ralf,MacColm,rmaccolm1w@nydailynews.com,xQ2{=cjJQBM4,362-985-8395,No,A01HQP4D4W3H22QXDPSVE45PZ70,Male,51
01HQP4D6C3BX8V8M765EKD6DVD,Boycie,Tommasuzzi,btommasuzzioy@blog.com,uU1}K`7)P,255-368-9786,Yes,A01HQP4D6C3BX8V8M765EKD6DVD,Female,24
01HQP4D306QP5EE4JT5SZWHR5X,Trina,Paszak,tpaszakl1@edublogs.org,wZ2~2A_p,899-797-7251,No,A01HQP4D306QP5EE4JT5SZWHR5X,Male,36
01HQP4D34DBX789YTJ5QZ5TAE7,Belle,Cancelier,bcancelierbd@geocities.jp,"uM2""~,3$z<ZGvqYu",557-555-1220,Yes,A01HQP4D34DBX789YTJ5QZ5TAE7,Female,46
01HQP4D2W3CVBXXZ9ZC6J1HPQA,Felicio,Wontner,fwontner8j@cnn.com,iD4/C4e/sjgeO$`,923-320-6966,Yes,A01HQP4D2W3CVBXXZ9ZC6J1HPQA,Male,47
01HQP4CZTNZ7C1EG36C4ADQYQP,Fonzie,Vitall,fvitall7p@ustream.tv,"fZ1&GX,_",668-412-9909,Yes,A01HQP4CZTNZ7C1EG36C4ADQYQP,Male,21
01HQP4D4WRK64KA7SHGZZRW84C,Calhoun,Feltoe,cfeltoe2g@usa.gov,"dJ3#qWjv2=),C",571-788-2423,No,A01HQP4D4WRK64KA7SHGZZRW84C,Male,55
01HQP4D4GV6M2GKBH1MC609ZR4,Haily,Boddice,hboddiceey@pinterest.com,mK0(08Gl,894-848-5991,Yes,A01HQP4D4GV6M2GKBH1MC609ZR4,Male,43
01HQP4D2V199M8W9PAVG7QWFPP,Rosaline,Reburn,rreburn82@prlog.org,wD2_6B8m9j,278-524-8783,Yes,A01HQP4D2V199M8W9PAVG7QWFPP,Male,38
01HQP4D356C7GEGRWMGRB272KF,Weber,Jellings,wjellingsbt@digg.com,"nN3""i'#?$$#WP",963-241-1349,Yes,A01HQP4D356C7GEGRWMGRB272KF,Female,18
01HQP4D6BKJTGQH74BP921YAPT,Early,De Hooch,edehoochoj@fda.gov,"xV9=k`._K7,fo*`D",194-907-0657,No,A01HQP4D6BKJTGQH74BP921YAPT,Male,34
01HQP4D2TP66E56ZJRC48SKK77,Maryl,Puttergill,mputtergill7x@nih.gov,zC1\?P@X0w,995-553-6098,Yes,A01HQP4D2TP66E56ZJRC48SKK77,Male,62
01HQP4CZRR1RVKB0AF251YYYXQ,Shelba,Fortye,sfortyeip@engadget.com,cF6+dSL)gY,854-140-9650,Yes,A01HQP4CZRR1RVKB0AF251YYYXQ,Male,63
01HQP4D6MQJYMEWE8YT3TRZVBX,Andra,Breffit,abreffit3c@cnet.com,vK5\'__CdT,407-484-3425,No,A01HQP4D6MQJYMEWE8YT3TRZVBX,Female,60
01HQP4D6KY2CW66JYK1G4J5S75,Nap,Johnsey,njohnsey31@arstechnica.com,mR6/<%Vz,731-683-8709,Yes,A01HQP4D6KY2CW66JYK1G4J5S75,Female,34
01HQP4D4M4BS462897896GE1TX,Giselle,Abeles,gabeles4d@cnbc.com,"gM1#""JR`/",936-166-9361,No,A01HQP4D4M4BS462897896GE1TX,Female,65
01HQP4D4VY8TA81C6MCW4QW07Q,Kylie,Reicherz,kreicherz1r@clickbank.net,bJ3`%ZffCYZ,998-906-2293,Yes,A01HQP4D4VY8TA81C6MCW4QW07Q,Female,21
01HQP4D32N8NCHYDV04F64CMA7,Casandra,Benoit,cbenoitdg@home.pl,qB7*h\E?NkmLf3h0,398-703-5186,Yes,A01HQP4D32N8NCHYDV04F64CMA7,Male,18
01HQP4D32C2BPNBPBHBM23PB5R,Yolane,Duckett,yduckettda@si.edu,tL1@zng15YcM1a,533-244-6803,Yes,A01HQP4D32C2BPNBPBHBM23PB5R,Female,45
01HQP4D32HRCMHKNT2MRZE4RTD,Dewie,Handrek,dhandrekdd@columbia.edu,hK3/cK%'V,451-940-0172,Yes,A01HQP4D32HRCMHKNT2MRZE4RTD,Female,35
01HQP4D179TW3F633CHP57YX53,Mal,Rymell,mrymelljt@hp.com,fC6\2X~Sxnmn$ID,442-660-5634,No,A01HQP4D179TW3F633CHP57YX53,Male,44
01HQP4D4W1717GNJB6FMF5B5MG,Ruy,Sumner,rsumner1u@facebook.com,vD8!%?0?%E58,814-449-5887,Yes,A01HQP4D4W1717GNJB6FMF5B5MG,Female,43
01HQP4CZRD490AR0SGWFW21BRY,Darla,Andreucci,dandreucciih@scientificamerican.com,"pC7""y()5KN",258-939-0677,No,A01HQP4CZRD490AR0SGWFW21BRY,Female,24
01HQP4D5E0NVH9ETXGW5E3SXRX,Elbertina,Cowcha,ecowchanl@springer.com,hH7/C@O=W+>,849-961-9481,No,A01HQP4D5E0NVH9ETXGW5E3SXRX,Male,23
01HQP4D4WMR9H5BCVJ0GJ3H1DG,Roxy,Rawkesby,rrawkesby2c@forbes.com,"mG4""AsCiv'tg",959-802-1382,Yes,A01HQP4D4WMR9H5BCVJ0GJ3H1DG,Female,54
01HQP4D4MMTSY7TJXMS8T3XY9F,Agnella,MacRierie,amacrierie4k@upenn.edu,qS9/k@o8(#P6g,325-259-4777,Yes,A01HQP4D4MMTSY7TJXMS8T3XY9F,Male,15
01HQP4D6EBMA6FEY5RZW3CKBD7,Adiana,Shimman,ashimmani2@studiopress.com,fX1<CG0paXRT,369-658-9426,Yes,A01HQP4D6EBMA6FEY5RZW3CKBD7,Female,32
01HQP4D5BPW0Z298H66W0HC8Z8,Ron,Habbin,rhabbin1e@purevolume.com,"bD8?R\,qg>1",974-769-0402,Yes,A01HQP4D5BPW0Z298H66W0HC8Z8,Female,38
01HQP4D4W9KK9P1EG5PC1M9FX5,Corabella,Champe,cchampe21@noaa.gov,xE1}jvxKk'Rf=,796-935-4004,Yes,A01HQP4D4W9KK9P1EG5PC1M9FX5,Male,37
01HQP4D4NAAFN7M2M0MSAQVJXB,Lyell,Cordey,lcordey4x@marriott.com,"uX0""qSc~L%uZYHpL",871-584-4073,Yes,A01HQP4D4NAAFN7M2M0MSAQVJXB,Male,33
01HQP4D5A94QWDV58YBY2C66VB,Olivie,MacKibbon,omackibbona1@cargocollective.com,nM6)i#@%$=6,420-433-1426,Yes,A01HQP4D5A94QWDV58YBY2C66VB,Female,49
01HQP4D54DPQVEMSXBGQQ73XFR,Ulrich,Chowne,uchowne6j@biglobe.ne.jp,"iC7,X)@\T{`C5g",692-762-3946,Yes,A01HQP4D54DPQVEMSXBGQQ73XFR,Male,53
01HQP4D4T57VDC9H171CZCNPQ0,Adora,Chugg,achuggh0@mashable.com,mF4?.fd?2}|.{?r',511-120-4395,Yes,A01HQP4D4T57VDC9H171CZCNPQ0,Male,36
01HQP4D4031Y2Z1Y6SRX31JD01,Reggis,Knowler,rknowler95@digg.com,wW8@'QIkH$D,498-707-8503,Yes,A01HQP4D4031Y2Z1Y6SRX31JD01,Female,43
01HQP4D183SA3XWBJRVPN0W03D,Joana,Kirkam,jkirkamk8@rambler.ru,rG2<cLB5CPrK,261-276-7545,No,A01HQP4D183SA3XWBJRVPN0W03D,Male,28
01HQP4D6P4NPDXRNPWZJWSP8K4,Row,Mildmott,rmildmott3i@adobe.com,wK8`yn8Va,785-147-9119,Yes,A01HQP4D6P4NPDXRNPWZJWSP8K4,Female,21
01HQP4D79ZZ9615DKHBV7404FJ,Seward,Hamel,shamel5v@histats.com,eK6&9}u0JT+z,234-163-9563,No,A01HQP4D79ZZ9615DKHBV7404FJ,Female,56
01HQP4D507SN9XDAC1TAP0MBG5,Preston,Chater,pchaterj4@sourceforge.net,iE0{sh?u0k,582-813-8925,Yes,A01HQP4D507SN9XDAC1TAP0MBG5,Male,27
01HQP4D5B0KZ4GTJ7RGFNW7NB4,Jarid,Elvin,jelvinlv@altervista.org,eJ3<=nC<worg,493-970-3519,No,A01HQP4D5B0KZ4GTJ7RGFNW7NB4,Female,50
01HQP4D6DCHPDRG10DJF3PPYC3,Fiann,Paulus,fpaulusmo@bbb.org,rS7=BJHpD4,794-343-4597,Yes,A01HQP4D6DCHPDRG10DJF3PPYC3,Female,59
01HQP4D2W6QTQ3Z8271KS5PJ6K,Zea,Muirhead,zmuirhead8l@apache.org,vF2(Fnl}hJ,604-427-9306,No,A01HQP4D2W6QTQ3Z8271KS5PJ6K,Female,46
01HQP4D2ZN4DTJG3VTMJ9DR7FF,Herbie,Copperwaite,hcopperwaitekq@miibeian.gov.cn,hZ7?7_3@3QoLE,685-261-0014,Yes,A01HQP4D2ZN4DTJG3VTMJ9DR7FF,Female,21
01HQP4D54S2TR2YTPPTF73FKMM,Shandee,Newey,snewey6q@geocities.com,oI6>8&g/1P2m=Z__,866-244-1549,Yes,A01HQP4D54S2TR2YTPPTF73FKMM,Male,31
01HQP4D5ERAV5XNSWZZ4N5KD3P,Lindsay,Sellars,lsellarso0@timesonline.co.uk,nG7*rjc0l,515-623-2715,Yes,A01HQP4D5ERAV5XNSWZZ4N5KD3P,Female,33
01HQP4D6BQ5VKEMM333NM5X9RY,Adeline,Ghidoni,aghidoniom@livejournal.com,eH1|CTIlgnIzH7+9,534-118-1405,No,A01HQP4D6BQ5VKEMM333NM5X9RY,Female,49
01HQP4D5B9YM1ZGXXXT8Y9W4W0,Crin,Tucker,ctuckerm2@geocities.jp,rX2=~thqFJfAz,822-227-7433,No,A01HQP4D5B9YM1ZGXXXT8Y9W4W0,Male,36
01HQP4D6M31JPWW71HPDEYZMDM,Elnora,Wincer,ewincer34@desdev.cn,jA7\&MQ\r%,254-991-6499,No,A01HQP4D6M31JPWW71HPDEYZMDM,Male,18
01HQP4D6DEYRDT0ZJYCM2V5Z2Z,Norene,Kelsall,nkelsallh9@comcast.net,dA8_f9V`Lz,825-756-6136,Yes,A01HQP4D6DEYRDT0ZJYCM2V5Z2Z,Female,48
01HQP4D6BWM27Q10FS1KZ6X6XD,Allen,Pastor,apastoror@paypal.com,jJ8|HGv)k!z8jU<&,483-512-6265,Yes,A01HQP4D6BWM27Q10FS1KZ6X6XD,Male,27
01HQP4D6QJX1QXBMPQHVM7DCAW,Benoite,McKinney,bmckinney46@bbc.co.uk,kY5@TmHs4Ao,110-804-0067,Yes,A01HQP4D6QJX1QXBMPQHVM7DCAW,Male,34
01HQP4CZRJP5E4P3CMN6FD2DP1,Karl,Doles,kdolesik@ibm.com,yH4~3cwu,526-668-3858,Yes,A01HQP4CZRJP5E4P3CMN6FD2DP1,Female,60
01HQP4D4TC2MQRAM3JA8TB4XFH,Drud,Lilliman,dlillimanh4@cnet.com,bI8)wWtM=,579-802-5609,Yes,A01HQP4D4TC2MQRAM3JA8TB4XFH,Female,29
01HQP4D30QZSNE49XVSSSZDZ6M,Colin,Murfett,cmurfettld@alibaba.com,nU3#pdO},269-447-9672,Yes,A01HQP4D30QZSNE49XVSSSZDZ6M,Male,38
01HQP4D4MAJVHSJCFAABCZ2SAJ,Beck,Pratte,bpratte4f@livejournal.com,rM6#!5~gYnoD&*,253-435-2344,No,A01HQP4D4MAJVHSJCFAABCZ2SAJ,Female,38
01HQP4D51851DHW22Y9GJFKCYD,Roby,Whybray,rwhybrayav@nydailynews.com,mJ5.S=QBZWh,683-475-5916,Yes,A01HQP4D51851DHW22Y9GJFKCYD,Female,52
01HQP4D6QRRCZ480H655ENX9VS,Conrado,Meadway,cmeadway4a@phpbb.com,"eR6{*#,A_5+R""""",741-900-3548,No,A01HQP4D6QRRCZ480H655ENX9VS,Female,16
01HQP4D60331WEMMVNZAYXNMHW,Nina,Stranger,nstrangerr1@who.int,yO5.$PuoMqR~,626-562-9942,Yes,A01HQP4D60331WEMMVNZAYXNMHW,Male,24
01HQP4D6F3GARG3KX245M4PPQV,Sander,Edworthie,sedworthie4@indiegogo.com,"hS1|x*z\Xw)""%a",972-242-6844,No,A01HQP4D6F3GARG3KX245M4PPQV,Female,40
01HQP4D3ZTMYN2HNG2Q0NEC1HC,Westbrooke,Mcimmie,wmcimmie91@vinaora.com,pO9~T`Lg{c\r{3Y,401-734-1159,Yes,A01HQP4D3ZTMYN2HNG2Q0NEC1HC,Male,65
01HQP4D5AXJMFSV94V00TXYQAV,Pippo,Shewon,pshewonlu@barnesandnoble.com,hM8@@xK_iL*R,980-967-9180,Yes,A01HQP4D5AXJMFSV94V00TXYQAV,Male,40
01HQP4D2T80HNT1JAF6CQ32KRD,Bearnard,Twentyman,btwentyman7r@skype.com,qC4=HPrOgYQ_@L,831-874-0927,Yes,A01HQP4D2T80HNT1JAF6CQ32KRD,Male,18
01HQP4D5BJ808N1ABGNG9SBZET,Ferdinanda,Cuttler,fcuttlerma@un.org,qG3=U\*C_n,742-638-3984,No,A01HQP4D5BJ808N1ABGNG9SBZET,Female,43
01HQP4D5B5W2TP9MQGYX3ZMMKK,Kimmie,Jendas,kjendaslz@wisc.edu,"uK5#VI,s'/",654-867-5509,No,A01HQP4D5B5W2TP9MQGYX3ZMMKK,Female,20
01HQP4D47Z1MR811NRRXW3WXYQ,Glad,McParlin,gmcparlinfs@infoseek.co.jp,dX3}~4fi@T,121-553-2172,No,A01HQP4D47Z1MR811NRRXW3WXYQ,Male,44
01HQP4D54HF1N8MK7MHKFJ11NV,Jule,Bhatia,jbhatia6l@livejournal.com,"oL9{H1,~B",783-440-0318,Yes,A01HQP4D54HF1N8MK7MHKFJ11NV,Female,63
01HQP4D30MT20S850CMP0SR79N,Dolly,Baume,dbaumela@baidu.com,uV7.7S#4l(|1zbcR,330-303-2672,No,A01HQP4D30MT20S850CMP0SR79N,Male,21
01HQP4D40MNYJNVB84QQY9A4HX,Jillana,Crady,jcrady9e@creativecommons.org,oF6(`%XT#vH9<~l<,577-632-5630,No,A01HQP4D40MNYJNVB84QQY9A4HX,Female,58
01HQP4D5ZYYG84RKNF1AX9CKKB,Lucky,Denniston,ldennistonpi@shareasale.com,yB1~Jd`f,239-409-1858,Yes,A01HQP4D5ZYYG84RKNF1AX9CKKB,Female,18
01HQP4D6DTKDJ1NEYR1N6EQE3T,Eddy,Bielby,ebielbymw@kickstarter.com,vA8'jx}GfiKl|=sH,875-360-1659,Yes,A01HQP4D6DTKDJ1NEYR1N6EQE3T,Female,35
01HQP4D6PWK3AEGXMJC74W36C6,Abigail,Oris,aoris3s@epa.gov,qV4~D~`KD9)?=,915-605-1755,No,A01HQP4D6PWK3AEGXMJC74W36C6,Female,29
01HQP4D1CQZQAGYYJ5HPBD1K2A,Karlee,Teulier,kteulierco@gizmodo.com,zC5?y=Yn,335-243-7346,Yes,A01HQP4D1CQZQAGYYJ5HPBD1K2A,Male,33
01HQP4D18Q0Y2NT5094PRFKB13,Abbi,Seer,aseerkk@foxnews.com,sN1*rq(5,402-211-2746,Yes,A01HQP4D18Q0Y2NT5094PRFKB13,Male,62
01HQP4D478TA6HZGGGVHZR7950,Loretta,Brameld,lbrameldfl@washingtonpost.com,dX6*{_/Fw)Zf,379-941-8928,No,A01HQP4D478TA6HZGGGVHZR7950,Female,22
01HQP4D4RS8548KC13M6ET1SXK,Ulrikaumeko,Lakenden,ulakendengf@sciencedaily.com,eJ8|}a|hj/{!8z,136-721-4620,No,A01HQP4D4RS8548KC13M6ET1SXK,Female,38
01HQP4D4WJA58B23DAWVK53JC8,Tuesday,Sheilds,tsheilds2a@sohu.com,wE5?RuJ.UA,200-131-6391,Yes,A01HQP4D4WJA58B23DAWVK53JC8,Male,18
01HQP4D50J5323ZSP9Z6H4R0KT,Karlens,McHardy,kmchardyje@boston.com,yZ6\goIn>d=<,673-473-9620,Yes,A01HQP4D50J5323ZSP9Z6H4R0KT,Male,32
01HQP4D5D9HDBW12C0A9B0BXA4,Ashlee,McKoy,amckoynd@merriam-webster.com,jB5}j6Wk,730-822-9501,No,A01HQP4D5D9HDBW12C0A9B0BXA4,Male,15
01HQP4D798WSB8VNPPPHYSPHYY,Thane,Deniso,tdeniso5f@berkeley.edu,kE9(t$QKr~4,569-229-0644,Yes,A01HQP4D798WSB8VNPPPHYSPHYY,Female,50
01HQP4D30SHXGNSGC1W7C3HWSK,Erroll,Bouchard,ebouchardlf@macromedia.com,zN1!\{`Fm9CG,713-554-9182,No,A01HQP4D30SHXGNSGC1W7C3HWSK,Male,25
01HQP4D50054KJBFVMBWNJD917,Marie-ann,Danton,mdantoniy@uiuc.edu,jD9{`6edQ,960-697-1591,Yes,A01HQP4D50054KJBFVMBWNJD917,Male,21
01HQP4D60KSRN65ZMVCMXG749Z,Crosby,Catcherside,ccatchersider8@usa.gov,bD0*NR7D9j'98Ge6,263-472-5951,Yes,A01HQP4D60KSRN65ZMVCMXG749Z,Male,45
01HQP4D6040EJ98JKAVKED745M,Verla,Grunson,vgrunsonpo@delicious.com,zR3|`id@>wN+,122-863-5546,Yes,A01HQP4D6040EJ98JKAVKED745M,Female,23
01HQP4D02QJWZNSYXZDHW1P624,Duff,Antram,dantramdx@shinystat.com,iW9+{yfOF|*PV4(~,169-846-0090,Yes,A01HQP4D02QJWZNSYXZDHW1P624,Female,63
01HQP4D5ES3AEG8KR400JFR5CJ,Tim,Finder,tfindero1@lycos.com,rU4)\zYNW0wH7vI,646-515-7017,Yes,A01HQP4D5ES3AEG8KR400JFR5CJ,Female,15
01HQP4D5960KBFETVPKBR9C9DS,Annie,Ioan,aioan9j@123-reg.co.uk,"oK7,xNCB<vu""?mS",324-998-6393,No,A01HQP4D5960KBFETVPKBR9C9DS,Male,42
01HQP4D6AJWW5C55M4N80A6890,Sharon,Mattiacci,smattiaccio5@earthlink.net,"zC0!KXI{""n5=~fN",330-398-4315,Yes,A01HQP4D6AJWW5C55M4N80A6890,Female,63
01HQP4D1CW1YKAYPSD4YBHJ0VM,Papagena,Comer,pcomercs@amazonaws.com,jK0=W!DnF\nmNhM,885-589-1807,Yes,A01HQP4D1CW1YKAYPSD4YBHJ0VM,Male,23
01HQP4D6G63QYFEPS3ZG06VKXA,Easter,Gammie,egammiej@economist.com,zR8_)#SLv'(8)Tz,130-176-6248,Yes,A01HQP4D6G63QYFEPS3ZG06VKXA,Female,53
01HQP4D61CHW4S3RTHPM9CC8ZB,Shem,Audibert,saudibertrn@wiley.com,"aZ9,j~WO0XC<sC9#",644-397-2053,Yes,A01HQP4D61CHW4S3RTHPM9CC8ZB,Male,37
01HQP4D4MJ47MGZ929EYG391JR,Malanie,Etches,metches4j@archive.org,tA1~N_V7<+uP7,379-220-7221,Yes,A01HQP4D4MJ47MGZ929EYG391JR,Female,48
01HQP4D5BSWFHK45MM2PYVQXVE,Jarret,Self,jself1f@hubpages.com,fF0{.2f>`A8`,283-798-4669,Yes,A01HQP4D5BSWFHK45MM2PYVQXVE,Female,53
01HQP4D4GPSNBYBYQBM5VEWASR,Guenevere,Mosco,gmoscoev@virginia.edu,tF6\I0dxBX,628-177-3331,Yes,A01HQP4D4GPSNBYBYQBM5VEWASR,Female,40
01HQP4D4N8Z7G3QNS18HAK9MJP,Tonia,Rousell,trousell4w@china.com.cn,"pD1?ilON|C/,X5",456-440-0143,No,A01HQP4D4N8Z7G3QNS18HAK9MJP,Female,19
01HQP4D4HKKPTE8PTFQETWW5A7,Baird,Blacker,bblackerff@smugmug.com,lR5$ta49*IV/fjE_,479-407-8345,Yes,A01HQP4D4HKKPTE8PTFQETWW5A7,Male,40
01HQP4D4WKJ40YBMQH498FTGGW,Georgeanna,Garioch,ggarioch2b@unc.edu,hK9\#a\fe,539-888-5893,Yes,A01HQP4D4WKJ40YBMQH498FTGGW,Male,21
01HQP4D03SZKW8BBMH0M3S2A32,Kiah,Kimbury,kkimburyek@home.pl,yR2)?n+?tC.fq,305-512-5208,Yes,A01HQP4D03SZKW8BBMH0M3S2A32,Male,63
01HQP4D6DW43Q5Q8HT5DJBKDMA,Olin,Mathiot,omathiothn@cdbaby.com,dL9<rxtd}@(ph4H,804-777-8918,No,A01HQP4D6DW43Q5Q8HT5DJBKDMA,Male,17
01HQP4D51ABZ5ZKZXTV4BWC55F,Demetri,Maddy,dmaddyaw@mtv.com,gL9%+(!5Jv3$hW(n,978-779-1981,No,A01HQP4D51ABZ5ZKZXTV4BWC55F,Female,61
01HQP4D2VR91YDK4EYJRYD81YN,Adrea,Versey,aversey8d@springer.com,fT5`e)*BbE7KZ,116-990-0797,Yes,A01HQP4D2VR91YDK4EYJRYD81YN,Male,27
01HQP4D4S91GVAJKD9RYBGZJEA,Miguelita,Huntress,mhuntressgn@google.co.jp,zP1{&W&<TJ,325-902-4336,No,A01HQP4D4S91GVAJKD9RYBGZJEA,Male,23
01HQP4D5127YHQ9RMVXCZ1X5T6,Corey,Swadling,cswadlingjo@cdbaby.com,"xV7@gi6r{L,?$",625-937-7046,No,A01HQP4D5127YHQ9RMVXCZ1X5T6,Female,47
01HQP4D4GMP6J94W67Q9RZV1BR,Brendis,Branchet,bbranchetq0@163.com,uU4|~qkEXrKs,597-322-6238,No,A01HQP4D4GMP6J94W67Q9RZV1BR,Male,62
01HQP4D6EC6BF6ZMF6H63VC3ZT,Abra,Veillard,aveillardn7@smugmug.com,yH3'KTJJk.%,766-661-7406,Yes,A01HQP4D6EC6BF6ZMF6H63VC3ZT,Male,20
01HQP4D35FX75QXTVHYZSQYMG5,Kathryne,Harrisson,kharrissonbz@pen.io,"yD2""WANE1$@m~$",765-723-3570,Yes,A01HQP4D35FX75QXTVHYZSQYMG5,Female,28
01HQP4D518PB35989S90CVEAT4,Neile,Zanardii,nzanardiijs@miibeian.gov.cn,"qE3!5ly@e""g",523-234-7256,No,A01HQP4D518PB35989S90CVEAT4,Female,38
01HQP4D30GRG7JFT77G6XN29TB,Michal,Reace,mreacel7@newsvine.com,vZ4}Xluj0,991-212-7246,No,A01HQP4D30GRG7JFT77G6XN29TB,Female,29
01HQP4D17C5DDJQ51RT9NTPY1W,Morly,Gowland,mgowlandju@nih.gov,fP0`y~N1e,859-760-2293,Yes,A01HQP4D17C5DDJQ51RT9NTPY1W,Male,59
01HQP4D35C7VS8MZRAY441YPZN,Cal,Vinter,cvinterbx@tuttocitta.it,aJ8(y+*!,561-213-0649,Yes,A01HQP4D35C7VS8MZRAY441YPZN,Female,55
01HQP4CZRS75B4X3F0N7VTQKPT,Gaylene,Abad,gabadiq@adobe.com,fU4\71~r,123-186-0533,Yes,A01HQP4CZRS75B4X3F0N7VTQKPT,Male,56
01HQP4CZRKXSAA26F96H4ZVFFS,Knox,Bramah,kbramah6x@taobao.com,pF6)nol*bDB,688-390-7541,Yes,A01HQP4CZRKXSAA26F96H4ZVFFS,Male,34
01HQP4D35D0Q0TV7MWYAAZ5AYB,Aluin,Kenvin,akenvinby@homestead.com,vJ5>H@2+*)},726-995-0112,No,A01HQP4D35D0Q0TV7MWYAAZ5AYB,Female,50
