order_id,product_id,quantity,customer_id,order_date,transaction_status,transaction_method
000611f6-cb64-47e9-93bd-22e4f8f12e4e,8GY5M75JD44,39,01HQP4D6DKA7K2AQ25E7V0N220,2023-09-05,cancelled,PayPal
0008d32f-dd4b-4c6b-a76d-40ef28cfb2db,1G44EJ8TJ08,1,01HQP4D32ZY3JD845ANWS440D4,2024-01-08,failed,Venmo
004023f8-89c0-462d-8d0b-ebdaae4ac544,5PD3DD3YD39,51,01HQP4D5CB7TKHQ6DT4YQW4VC9,2023-11-08,pending,PayPal
004c93e0-dfc1-4190-bba7-2a018079b354,6VT4TC0AD68,19,01HQP4D6KCVMTK079T42ARQEW4,2023-12-07,completed,Google Pay
0063c3f4-a9d2-44f4-a898-8a82cc7adb48,2H87T36CA52,87,01HQP4D032H10XF8CZHY888BRW,2023-07-26,in progress,PayPal
00eb41d6-7f6d-4953-a3ee-c44fe375b0be,2TN6HQ7MQ38,71,01HQP4D51D5MN7QB6BYMCQ6T5R,2023-09-12,cancelled,Google Pay
00f15828-2fea-4fb3-813e-584f8955ceac,9RJ2QK3DE37,87,01HQP4D1B27FPFZV8AC20YY2DV,2023-03-08,cancelled,PayPal
01ae2a94-759d-42a5-ad8a-d44a7b52fbd7,9GH0U79HG66,66,01HQP4D1C43JTPQ0GFBB6V6PBV,2023-08-12,failed,Google Pay
01e5df37-fc0f-4090-9763-8d11666c3bfe,2GX7HN1HG81,46,01HQP4D3YV46Z93PZWBVQZNVYD,2023-07-28,completed,credit card
01eb445a-274a-40ed-9243-719529efeb21,2CK5AX9KH72,81,01HQP4D327YTF97P3R681TD4CV,2023-11-20,in progress,credit card
020b84c1-e10d-4d36-8a5f-07901e40a66a,9YG9C07CV47,52,01HQP4D496M29G2D9YQ3TF6EYX,2023-05-15,in progress,Google Pay
02f693bf-e952-412a-a687-24c5bc8876be,5CQ1KE2YU33,19,01HQP4D4W5NBZTKMEYGET2JK6K,2023-10-05,pending,credit card
033d73e8-5008-49ae-b9f9-1e27542d681d,6KM5WP3CW30,38,01HQP4D50SWKJKGEFDN2R2DFCK,2023-06-28,failed,debit card
03718afe-c1bb-4b2b-a4cc-837087a6bf6d,3HA9HX7DX66,66,01HQP4D5BSWFHK45MM2PYVQXVE,2024-01-05,cancelled,debit card
037b0c7e-2ef2-430f-adf7-45da6ca0293f,9EU9K95PG07,54,01HQP4D4W74P7GXCD6DM43GNNF,2023-08-09,failed,credit card
03a94f50-4a27-4ae7-8953-41fea5b04a57,1EK3HG2VD35,56,01HQP4D1BJ5BZ086QEWK17PS2F,2023-09-16,failed,PayPal
03f2c521-f477-4212-9075-842321cd4269,6FR0E75YE74,59,01HQP4D5CB7TKHQ6DT4YQW4VC9,2023-06-30,completed,Venmo
03fe6505-7afa-4111-a2e0-10a18aa3cee9,9A66H64FA64,36,01HQP4D5A94QWDV58YBY2C66VB,2024-02-14,completed,PayPal
044d5dba-3967-4dd5-8f7f-0fb67f5518a2,1MG5J33DQ09,56,01HQP4D4WMR9H5BCVJ0GJ3H1DG,2023-03-10,cancelled,debit card
0498f3e9-0607-4934-96b1-7f872ee11ecb,1WH9JU6CN73,93,01HQP4D51NB5A44BPCS6Q0JCKM,2024-02-02,cancelled,Venmo
04ba7863-1a42-445f-b929-cea693edd6a6,3HC3EC7NF29,92,01HQP4D46VN2WPVRE7WMN4WZCR,2023-06-18,cancelled,Venmo
04eb5592-7525-42d9-a316-a494b4c8b997,8Y34X61JM56,85,01HQP4D1BRZWF6W283CNBWBXY5,2023-10-01,pending,Google Pay
04fb44c4-9197-4e8a-a72a-0161da4e0b49,4KF2XX1GT05,67,01HQP4D6QCVYC8C5YEGSZD8WF1,2023-06-23,failed,Google Pay
05063da1-5a7f-48b5-8f15-456c98341753,4CF9AF4XA40,36,01HQP4CZTFTG4F9BVRQ2PKTDWY,2023-07-15,pending,PayPal
05378fbc-74b5-4259-b18d-1f6bbf99d919,3HA9HX7DX66,71,01HQP4D327YTF97P3R681TD4CV,2023-03-23,in progress,Apple Pay
055fdfe0-dc75-4765-a3e8-bba43c30d135,8YX4VY7CV78,8,01HQP4D534AMED8FCR3VRVT8H2,2023-07-16,pending,Google Pay
05852ff8-b289-4d83-b882-8c995c24ac1b,7V35PF7FA81,53,01HQP4CZR8H55JVBC96KTXYN2J,2023-07-15,cancelled,credit card
05ce6c75-4a20-45d9-9497-83392c0b5458,1D54NM0XV43,44,01HQP4D4M4BS462897896GE1TX,2023-03-28,cancelled,Apple Pay
06397d42-8f44-47ae-9414-c1ec827def1f,7XR1KY0NP64,40,01HQP4D4VZM5840N01SRATT8Q1,2023-06-11,completed,credit card
06828466-5303-4513-bf7f-1ada5cc75af2,5U52CC8GH71,51,01HQP4D030S167MTC5XJB1BR89,2023-08-16,cancelled,Venmo
068a6d3a-4e54-49fb-94f1-6bf2d0b46e69,3M83MY9QY56,88,01HQP4D3ZTMYN2HNG2Q0NEC1HC,2023-08-02,in progress,PayPal
069bbc33-7cb7-429e-a37e-a0ad1b58920f,8H99HV5HU19,97,01HQP4D6Q48A6JB99DVVEYGWBQ,2023-02-28,cancelled,Apple Pay
0716171c-fe6f-4045-8eaa-593eada725d7,1QV1FJ6KQ49,27,01HQP4D6K8C8QB3BF9EG5T834W,2023-09-25,cancelled,credit card
07de224d-997a-43d3-8c69-1ea17d220b95,3T84VF4QD71,52,01HQP4D4H29Z6TYATCN9XQDTKJ,2023-09-06,cancelled,PayPal
084179ae-4f5a-4628-8ed4-ca21580412d4,5TD5FY6VD00,46,01HQP4D6DSWHFWK4QX3266PVKM,2023-10-02,failed,debit card
08e5c28d-9d95-4107-b622-83fc82f36c50,2H07HR3AN89,40,01HQP4D6KCVMTK079T42ARQEW4,2023-05-13,completed,Google Pay
08f6979f-de60-4e69-849e-7027ce25b701,1FV3NC3ND01,54,01HQP4D40P08Y9RY57YCKMVT1V,2023-03-19,failed,debit card
092f1da5-82df-4b3b-803a-ef9417f13453,9YT2TY0MJ74,76,01HQP4D6KWAFXXZ9KW80KADWNW,2023-07-07,pending,Venmo
0a0bcf58-a8b8-4460-81aa-509e1883baa5,5TJ3EK4JJ51,14,01HQP4D4H4B8JF2DE0QZMZRDNB,2024-01-06,cancelled,credit card
0a201af6-56d0-46d1-b5ba-f34b147d273f,3D28T37MH89,48,01HQP4D474FYH54NFT5B0KXJAK,2023-11-05,in progress,Google Pay
0aa7b3ef-b4c8-4045-a225-7e3e0bf2029b,1HR7MY3DP49,88,01HQP4D4S1V9ANV9E6YE3GGF1E,2023-06-20,pending,Google Pay
0b1d6d9c-bcff-4ba8-b46e-1cf9c0bc0ab9,7W90KM8PY34,100,01HQP4D507SN9XDAC1TAP0MBG5,2024-02-10,in progress,Apple Pay
0b21b4e1-46bc-41e2-8e06-63328517fffc,6WC7WC7HJ83,21,01HQP4D1CHSYP6DXFG5MH6GR8E,2023-11-13,in progress,Venmo
0b8f53d5-6909-481e-8045-c43e8adcd4eb,5MN2A10FG43,78,01HQP4D48ZRNKGJT14VZ7BYFMB,2024-01-06,in progress,Google Pay
0b9fcb70-3357-4039-9794-1b4bd557f2e1,9T24WQ4AW08,30,01HQP4D54YSMQP43EP8TNQJD6D,2023-03-18,completed,Google Pay
0c2435e5-8c98-4e31-8ac8-b4e8736b5313,1GK7TP1GE63,3,01HQP4D2TW6K75NCE477A9N86G,2024-02-20,completed,Apple Pay
0c4bef1e-11f0-44cb-93bb-6d236438dc9c,3UQ6JC1FJ55,80,01HQP4D4WV9F9WEP9ZWPVMTHN6,2023-06-15,in progress,credit card
0c683674-dd4b-4f93-b20a-1e420639a96c,9WW1VF3FE02,74,01HQP4D5BMCSVFR2B8B199C496,2023-04-07,completed,Apple Pay
0c8c167f-5956-4a77-a7f9-0406c5218f48,9Y46P59HU11,89,01HQP4D5CAAB7844AM7220VCRT,2024-02-15,pending,Apple Pay
0cb125b7-839c-4a34-ba8b-84043cf200ce,5Y48F97CT45,2,01HQP4D5AHJHKG757VFA61P6QY,2024-01-16,in progress,Apple Pay
0d368843-6b08-4f86-930c-2933a84c0abd,5NW5FT0NA97,21,01HQP4D2VR91YDK4EYJRYD81YN,2023-05-01,failed,credit card
0da804bb-2619-426c-8164-a2989ca91594,5T86YT9HV15,22,01HQP4D49BSPNAEK8FVKYEGS56,2023-05-17,failed,debit card
0dbffc92-c5b3-4302-9cdd-9867306e087d,7K27P15UC40,19,01HQP4D4NBPDCJZCRPKNDE5713,2023-09-01,failed,Google Pay
0dde4c19-fb4f-4f4f-b3c3-42c5151d6180,8XR1X90AJ17,20,01HQP4D6F6ZPPAN4N3V2ZQ8F57,2023-12-01,cancelled,debit card
0e03a2bb-dc9d-4fe3-9511-5b8bc5e7b03c,9KY0Y40XF72,40,01HQP4D50QE9M5XYGKCBZ9JW8Q,2023-04-06,pending,Apple Pay
0e2be5eb-a420-49e4-9fb3-13584e822918,7Q83EM8NH08,76,01HQP4D78TZCX81X42WB78345R,2023-05-26,failed,PayPal
0f39f308-7297-4976-8dfa-01ff1b53a703,6YF7QC5VE05,24,01HQP4CZRS75B4X3F0N7VTQKPT,2023-09-16,cancelled,credit card
0f7fc924-07ac-4815-ba4b-84cf767687b3,3K49CK5RR81,69,01HQP4D6FZH084M1Y5DZ77XRB5,2023-09-26,pending,Google Pay
0f99b31c-9aab-4158-9d4b-75fee2406010,8DF2AN1QN30,68,01HQP4D79V3JZ4HYEXME27YHJQ,2023-10-07,pending,PayPal
0fd247a5-cc17-4e6e-9ce4-f6f33c3ea15b,6G57MM7UX85,59,01HQP4D6FXP31471V7T0SJK30N,2023-09-01,cancelled,Venmo
1050a94c-315c-4047-8c67-e3aab5571464,3DD5KX0DW16,62,01HQP4D50GNE125JKRHY1GRJE3,2023-05-12,in progress,PayPal
1096d4c9-d69f-4e94-a48a-2857f35a3517,1VP3X75GX09,25,01HQP4D4TC2MQRAM3JA8TB4XFH,2023-04-15,completed,debit card
10d82171-385c-4b69-b82d-935179e70447,4NV2ND4QK96,2,01HQP4D346QJPYJ2VW08DB5JTT,2024-02-14,pending,Venmo
1105602b-dd43-43eb-8f3b-932aaf84497b,6DC7F66VA36,19,01HQP4D6DHXYP83DFSWG71MEMV,2023-10-21,cancelled,Apple Pay
113d8efd-2de4-4146-96f0-8b745a01c523,6YD5PR4MN09,88,01HQP4D79MK6YVPAGWW38ECQG2,2023-09-03,completed,Google Pay
1152331a-792a-445b-9238-98059bff5e83,1WX2GQ3PV37,25,01HQP4D2VZYR34GJH15YNZTNJZ,2023-06-07,completed,Apple Pay
120148b7-3269-4434-8b27-e3cee5486f13,6M80YW4FG10,75,01HQP4D02H8S7PR99DHAYTSPYW,2023-05-06,cancelled,credit card
123109de-7007-48b0-ad71-714d10f328f5,9RX4FC8EN00,85,01HQP4D4VY8TA81C6MCW4QW07Q,2023-05-07,pending,Apple Pay
12411945-5d90-4f5e-9ea2-a3bac4e21f3c,7D09QR6MQ04,83,01HQP4D48E18CBV2N8MQKWGGZG,2023-05-17,in progress,Apple Pay
1258ba01-491c-41c9-ad6f-8985bcfb80e6,5WY1G98FX63,93,01HQP4D6FCKXJHEP749D1GRP2M,2023-07-28,completed,credit card
125c0272-9612-4116-a01d-b0bfafd48fd3,5W89AE4RK75,97,01HQP4D4MJ47MGZ929EYG391JR,2023-07-19,pending,Venmo
12939a20-358c-44ec-becb-ad7f910fb863,8AT0WD1CV64,29,01HQP4D6PYA2F0A1EZRM9CTFN8,2023-04-22,completed,Venmo
131e890e-8f2b-45e3-8b32-262d470251d2,8GY5M75JD44,98,01HQP4D4SWZYEDVVFAFHRX78Q2,2023-10-23,failed,Apple Pay
140e1fe3-5c53-41c9-8043-e1401d696650,6FV4U47WK44,66,01HQP4D4HHZNZXFAVV5T8J57E9,2023-03-18,pending,PayPal
14147ca5-2407-482f-b63e-be6e4ab5a565,3M19DG1GJ41,14,01HQP4D1C72DXR6YYEW50ENRR2,2023-04-01,pending,Venmo
143193a7-14ed-47e9-85c3-5d32fa0a4cde,6K49P59MK21,67,01HQP4D3574CSG2RBDJSC253DT,2023-08-03,completed,credit card
14393f03-5008-4c2b-9e36-475c488c4a69,4XF8TG5CD85,72,01HQP4D346QJPYJ2VW08DB5JTT,2023-03-24,in progress,Venmo
1504131b-47f5-48c5-9425-16a37a0bc875,6C91Y31QY35,84,01HQP4D40MNYJNVB84QQY9A4HX,2024-02-15,pending,debit card
154196fb-f9fa-4d6a-b9e1-09ebbfc2cfc6,9XR3KP7YH85,20,01HQP4D6M0Y1P41C7KABS57VHD,2023-06-02,cancelled,Google Pay
15e7d5cc-049c-436f-b40b-1e69c7b60b65,2CJ6H16UT32,7,01HQP4D02W8E1VCER9PZK5EYDF,2023-10-18,pending,Apple Pay
16145ec9-9895-4681-b6d3-386d7bad5a90,8WD2KN6XG72,98,01HQP4D3ZB6W8PZM6DDRNBMMJF,2023-05-11,cancelled,PayPal
1618d4f8-624b-4221-9cf8-db021d89fefe,5CU0YK2UU75,96,01HQP4D53MKKN9H2FM2RC6CZ5E,2023-05-14,failed,Apple Pay
171ecc71-5e3a-48ac-b346-c32a1f30d7ba,8TN4MR0MG12,79,01HQP4D46VN2WPVRE7WMN4WZCR,2023-02-27,pending,Apple Pay
175076d9-9fa8-4ccc-a5de-1f9b733ef97c,2G08AR3RT08,42,01HQP4D6FT82R95B43M7C64Y3Y,2023-10-12,in progress,debit card
176cd5c6-f445-44f8-9545-a95f42e2ea3e,7TR0XX9GT74,75,01HQP4D6DVT5MVSPHY9QADHZVF,2023-05-10,failed,Google Pay
18b09293-ccff-43ea-96f8-2803ea579f86,5W60EF8NC85,42,01HQP4D1C5VFA4DMEFKJKWTG7D,2024-02-23,in progress,Apple Pay
195f36b7-dc05-418c-989e-727bb5339329,1WK4U99MM89,44,01HQP4D6E2166HAB08DPAD9J8F,2023-09-25,pending,PayPal
19f6b889-d1b4-4c0a-8b25-ea82c0c6d274,8DJ2RX7WT05,67,01HQP4D3574CSG2RBDJSC253DT,2024-02-23,pending,debit card
1a0eb4a4-c7ca-4e65-8faa-2202584f1bf0,5C94G00NV64,41,01HQP4D321RC1CGNREYZAZJDSD,2023-06-08,in progress,debit card
1b0980e7-f662-4bb1-a46c-de25dc7123cc,5TD5FY6VD00,6,01HQP4D5ADG024W0B01ZJKGDWA,2023-08-01,failed,credit card
1b75abcb-b85f-421e-8ac3-1c33324abc98,4H40AP6KN52,23,01HQP4D4H59PYWEN76C44HDSMK,2023-06-12,failed,Apple Pay
1ba3f77b-4700-4c55-992f-f0c6551f755a,9YT2TY0MJ74,36,01HQP4CZT68YPNV9P8ZWCJHPST,2024-01-05,failed,Google Pay
1c52bcbb-90b7-4f45-a063-396d95d0bdaa,7M60C98JA32,43,01HQP4D6EBMA6FEY5RZW3CKBD7,2023-07-12,cancelled,PayPal
1c8ddc25-c59f-4821-bcbf-616616f44c65,8NE5X18FU50,7,01HQP4D6DGY6XKYS1AHV3CJG7E,2023-05-25,pending,debit card
1ca3c6ab-553d-47c9-bd1a-a4983f54f207,8WK6E16EY82,66,01HQP4D4WRK64KA7SHGZZRW84C,2024-02-25,cancelled,PayPal
1d160eeb-686e-4de5-9cf8-b78c0032552e,4FN1XJ1QF33,39,01HQP4D6DHXYP83DFSWG71MEMV,2023-08-29,cancelled,PayPal
1daff4fd-f984-4f29-8ba8-a3fd52917aad,3QM2QJ2PD04,70,01HQP4D6E4P2ZHQWQDWF0V6X7S,2023-11-25,cancelled,Apple Pay
1dccb836-f17a-472f-8a20-c0418cc9d995,2DE8UW5MJ89,78,01HQP4D5BZDQ70F7R1MDAPHC0R,2023-12-13,pending,PayPal
1e0c7d1c-b835-4023-be84-280f47d0421e,6HP6PN8HR49,35,01HQP4D40KWRK2DHSQQV1HHRXH,2023-03-07,cancelled,debit card
1e223db5-b8ae-4e9c-890b-f566463ae4c7,6W53XX0VH98,8,01HQP4CZRR1RVKB0AF251YYYXQ,2023-11-06,completed,PayPal
1e444cbc-dbbb-49e8-af3b-4fe2ddc42678,2TJ3M64NW79,50,01HQP4D798WSB8VNPPPHYSPHYY,2023-03-24,completed,Apple Pay
1e74a4b1-4268-4c98-82ae-f82d74dc94aa,7WA4RJ0NC67,14,01HQP4D6DJWKKWCKY4JWDEYD82,2024-02-02,completed,PayPal
1ede96d3-48ad-479a-845f-d2ad68fa02e4,1NW1NY0PP73,7,01HQP4D4WSKM7HRK76MS8QETW0,2024-01-14,completed,debit card
1ee7a5a4-6d36-4bb3-a591-15147c74b26a,5H50PH9ER98,11,01HQP4D1CTQVXVD0ASD61TGDQ7,2023-09-10,completed,Apple Pay
1f148f02-e1f8-4b5e-a07f-40e22ace03e8,3RP5J00EF93,10,01HQP4D6PR18JT16051Y0PHSNN,2023-09-01,pending,Venmo
1f95bfd1-c9e2-4699-b1f9-3a860ca1f607,8MF3HR6NM68,12,01HQP4D537NN4G30BJC2EE8324,2023-06-07,cancelled,Google Pay
201d89fd-cc17-4711-a6c8-c95bf9fc35dc,4UD0GJ2CP77,88,01HQP4D6E7GESWDFMJ67XPM2S0,2023-04-28,failed,debit card
2048f876-5b81-411d-a3c6-6c9d2b6e62a2,3E62CP6XT50,25,01HQP4D6GBVATM75E4CEPE073P,2023-07-23,in progress,PayPal
20630a75-9550-423b-8437-fd62f77e7c9b,7DW4G31GN88,75,01HQP4D6DRGAQDVP7E606BWYWB,2024-02-05,cancelled,Venmo
21f718ea-f79c-429b-8838-6464fd389ff1,6AX3VG7UD97,15,01HQP4D5AF65KZWACSPRQ5DHPJ,2023-03-31,cancelled,debit card
224e2ae9-004a-4b23-9456-e6e00a186231,5D72V31EC25,79,01HQP4D6JMNQSQ6FWYZYTRDFQX,2023-04-26,completed,Apple Pay
22524a30-bbef-450b-9083-ba1ac147d3cf,5T86YT9HV15,16,01HQP4D038Z600N5A1GBB5476W,2023-08-16,failed,debit card
2252f760-04de-43e3-8bf6-0c13ea65a4e2,1DW6N60KX24,23,01HQP4D6EAQ5KZV8218WBEQMB4,2023-09-02,completed,Apple Pay
22560953-2c68-4934-89a3-db81fd2fbb1d,4GM0V18FG35,55,01HQP4D5B9WZXV40J2MHB1BAJK,2024-02-09,completed,credit card
226f414e-61e4-4df0-9c12-4af17facf6b0,7D70DM1NP58,10,01HQP4D47T7SQX66VW892DH8GZ,2023-11-22,pending,Apple Pay
2279eef3-050e-4e30-94b1-07ff79c54205,6J05DK5NE29,31,01HQP4D323Z52DZTP709PH2SK4,2023-06-15,failed,Venmo
22a8fe35-2deb-434a-97a8-302446ae94ce,9U13KC2FP38,32,01HQP4D3ZHX6Q8HT4BYDQ32SKX,2023-05-25,failed,Venmo
22b0cd09-e117-4b90-8925-bc02c6c496fa,6N40G90TU39,88,01HQP4D2TBYAWYY5AFYS7SK90T,2023-11-11,pending,credit card
22eb0bdf-b770-4d4f-806a-54f681eee14f,8T91R76RF07,86,01HQP4D4MMTSY7TJXMS8T3XY9F,2023-04-26,cancelled,credit card
22f4d1e5-8a3a-432d-b824-ed63aa38f7dd,1GK7TP1GE63,98,01HQP4CZRWFWBFMES4C8NXFR4W,2023-11-25,completed,debit card
23b87ff6-00d9-4af9-a6c3-c87e93eb7663,7XR1KY0NP64,8,01HQP4D6EBMA6FEY5RZW3CKBD7,2023-04-12,in progress,Apple Pay
244463b8-c29c-4184-95cd-c671dfaa865b,3QQ2X11MX98,20,01HQP4D5BXW9BBGA3JM7A6XFND,2023-07-14,completed,Venmo
24cb7512-6d2b-4723-ba96-c9149056c8cf,2RV9CN0YC25,80,01HQP4D79PWPXRJNFASHJCWKQZ,2023-09-18,pending,Apple Pay
264eba37-9deb-4f19-a53b-5563a2754cf8,9M18TN6WH22,49,01HQP4D4HE4WJ4D9ZW00KJPGF3,2023-03-13,pending,credit card
267a8e6c-a560-4059-9fe7-4288b9fd8df5,4DA2QM4VC71,74,01HQP4D4M0RFRS6AQGT047NA6Z,2023-03-23,cancelled,PayPal
2688a7de-b55d-446b-941b-e14b53e82766,7VU4WR6CR12,65,01HQP4D3Z0Q64DGDXXQ41Q7XNS,2023-03-21,completed,credit card
26908641-c500-40ca-bee8-40d9bfec3b95,3D78VD0UW70,59,01HQP4D6DXTW8PDXQYYHKNGE6E,2023-06-30,pending,debit card
26ab107a-d5e2-417c-91ff-0f1f0f2f64af,1AT9FC6UN05,66,01HQP4D4WMR9H5BCVJ0GJ3H1DG,2023-11-16,in progress,debit card
288ed371-8f1e-4fc6-a2e3-2991b9cac107,3N65UG9YV09,22,01HQP4D3YRRSGHMMABAHXGDBJ0,2024-01-18,completed,Apple Pay
289eff66-a6d0-41cf-b341-a0b71d150f3f,1W01T69JE65,66,01HQP4CZTBCJ4YRSHQPSGNPQCT,2024-01-15,in progress,Google Pay
28b61c34-775f-43f5-a545-8bfa111cc916,8KM5P47NP49,65,01HQP4D4N8Z7G3QNS18HAK9MJP,2023-12-18,in progress,Google Pay
29262fb4-f2dc-45f9-8add-845cb344838d,1EP3U22MP59,63,01HQP4D40EBTTZYRQRRWC4SFFB,2023-07-09,failed,debit card
299a62e9-2d75-4ae6-ba11-156f615df51a,9YC9YR2JD59,19,01HQP4D1C2TQDWW3YS72DMEYCT,2023-07-29,cancelled,Apple Pay
29de00f7-f6a6-4af0-a26d-81f971dd8a34,9E26TM8WE61,71,01HQP4D5AHK914V400RDT9ZRY9,2023-10-26,failed,debit card
29ec4f18-037c-452a-9ab7-80f0cf723753,4QK4QK4PX53,12,01HQP4D4HCPW2APFEVXXHHFTC2,2023-11-02,failed,debit card
29edabc1-c751-4fbf-87b6-9daa4696e1c1,5DR1M38YW11,66,01HQP4D40C72XTQ4XT96EKJAVB,2023-06-13,in progress,debit card
2a34c773-a085-47ed-93dd-661a88ff9251,8MM7MP4PW79,45,01HQP4CZQYFPBMK763BTDBQFC7,2023-06-09,cancelled,Venmo
2a61a2e8-756a-4354-907b-b6d5d173a7df,6JF7KC0ME02,25,01HQP4D6DHXYP83DFSWG71MEMV,2023-09-03,completed,debit card
2a7db6dc-b348-4cfd-9f3a-a21ad4c543ec,3GR7K88MQ97,53,01HQP4D5A94QWDV58YBY2C66VB,2024-01-31,completed,Apple Pay
2bd69aae-866c-4c29-8193-6c478ede9d7f,6KP8W20GD67,9,01HQP4D40FG2ZAAW8E4DE8DF95,2023-08-22,failed,Venmo
2cd5989c-efc1-4476-98e0-d78635e11463,9D20FR8HG96,12,01HQP4D5442Y7WW1GGBACC53NP,2023-12-07,failed,PayPal
2e5e87e2-f195-43d8-b2ab-018fdf6d2b44,7VY2N40KH94,16,01HQP4D6FQAZK7HVY6Z977F7R3,2023-03-10,failed,debit card
2e98b09d-3216-495f-839e-6d4318c16083,5D72V31EC25,2,01HQP4D54RR7VSMZWXAC9VX8QB,2023-05-15,cancelled,debit card
2fbe07f7-8034-4bf2-ab70-a1d9f1d9b75e,7WY7AR5WT83,82,01HQP4D35AGTABNVNP2M12GX45,2023-05-02,completed,PayPal
2ffee9c6-be40-4dea-bb26-757d9e08aa1f,6AQ0QD0VQ97,44,01HQP4D5ATHKWYY7S2SKGZ8Z78,2024-02-17,pending,PayPal
302a9db4-8cb8-4df8-a2d5-624fe6fdb8ef,2D38JA4DJ58,94,01HQP4D34BADQXT17J1CPQ64S2,2024-02-10,failed,Venmo
30a46ac9-d82a-433e-90db-02d7ad4fffcc,9C71A69AA07,22,01HQP4D47QFY2QSX1D38BCPZ88,2023-05-08,failed,debit card
30b9247d-ad22-4952-8df3-4b2da5678bef,3MN8HA6RG92,51,01HQP4D79DCYY3RMMTTE26S1QR,2023-06-20,completed,Google Pay
30be5f03-b084-4d66-81e1-d971b007205d,5UW6HD6AA71,70,01HQP4D6DW43Q5Q8HT5DJBKDMA,2024-01-29,in progress,PayPal
31146ac6-a8be-4911-b340-2ff027f4fb2a,2V33U42HF67,29,01HQP4D34F50C7AETX004310EW,2024-01-05,failed,debit card
313fffcd-9e0d-4d03-9068-014a24f558d0,8VX3U15WG21,59,01HQP4D7A7NHVZEW25GDVPJHYS,2023-12-16,failed,debit card
31e36f56-ddb9-46b9-9063-b75a2f3921e3,1MG5J33DQ09,64,01HQP4D6PF2Q2V7C9HCXEHXGV7,2023-07-18,pending,Apple Pay
3332fb8f-aa66-469c-bdf1-084f39fb67b4,7QT1T38CQ83,1,01HQP4D1CZXXMN26Q1JJ01AEKM,2023-09-16,cancelled,Google Pay
335dd0a0-cd7c-4f0a-946a-d18c94416260,4ND6W41QW92,92,01HQP4D6M0Y1P41C7KABS57VHD,2023-06-13,failed,Google Pay
338e5dfd-8a5e-4b61-bc1c-577f44dffacf,4WV8UE2MG42,14,01HQP4D1CBV4FC7XMQ86VSWBZ4,2023-10-10,failed,PayPal
33c6c8e9-44cb-46ed-ac4b-32ea42927440,9XQ5VV5EW76,97,01HQP4D6EBMA6FEY5RZW3CKBD7,2023-12-18,in progress,Apple Pay
33d99b95-4133-46ce-b69a-14634e6ef75a,1EM0JG5FQ43,62,01HQP4D6G5A1NX4A9Q3YF0C7T7,2023-03-20,in progress,debit card
33de08ab-542d-4a11-b2ed-f321fe3da7fe,6QJ3F13UM57,69,01HQP4D54VYC92C0STGV3G0QTP,2024-02-22,completed,Google Pay
348cddc1-3e0b-4548-b768-0fb2b1c11b9d,6M32W77QE04,57,01HQP4D517PJH9FMCQNW9F4YKD,2023-12-10,completed,debit card
352da304-48ba-469c-baf3-cfdc993b4abb,2P94D65RP31,27,01HQP4D5A5EB4MRGAFXD0J2501,2023-07-29,in progress,debit card
36242c21-6183-45fa-b921-e0d8070d56d9,6J05DK5NE29,57,01HQP4D5106VVKP4HG2DGX9FWF,2024-01-04,failed,Google Pay
362c3a68-e425-4f71-bf89-3d255c9eebf6,7D27VR1JU52,75,01HQP4D59CFVGRPX44DVPGF45Z,2023-03-30,cancelled,Apple Pay
36e52789-c0fd-4be1-b08e-19d5e1bc88bb,3J07HV4HJ69,81,01HQP4D5C8HK57CP3AK3C3DZXP,2024-01-17,completed,credit card
372ddeb9-8566-4b50-ab2a-c29e1dd7b63d,4GU9Q60GJ24,54,01HQP4D4W2W05172CPX33A26PT,2024-02-13,completed,Venmo
37cf60f4-ff7f-4e9a-8852-5531156a921f,4FX4GD7UA53,38,01HQP4D4GM16W4RS90ZJ41X79E,2023-03-18,cancelled,debit card
37f6713d-6759-4943-b437-0e98b97ece48,3N11EW5UN36,15,01HQP4D3ZHX6Q8HT4BYDQ32SKX,2023-12-10,pending,credit card
38219195-5981-4641-9b3d-999c9768fb10,6JF7KC0ME02,29,01HQP4CZRVG3332J9V0HN1FCGA,2023-10-03,failed,PayPal
391013d6-1741-40fb-94af-7157e97a72c9,7T90KG3ED20,18,01HQP4D53MKKN9H2FM2RC6CZ5E,2023-03-30,cancelled,credit card
39760aaf-b28c-46bf-9401-3dc099c80742,6A24FN8QP00,9,01HQP4D4ND5DGQ95P9ZYWKAYPH,2023-03-26,completed,Apple Pay
3a0ba63c-63c5-4570-be48-9402dce8b8aa,2TY0MT9KQ10,6,01HQP4D1B27FPFZV8AC20YY2DV,2023-04-03,cancelled,Google Pay
3a0c3604-e93f-48f5-afc2-905509742075,5HH2QP4DH58,71,01HQP4D6ET6MQRS9KMWDM703P7,2023-08-29,in progress,credit card
3a136a48-34c3-4d34-99d5-087b3f8a3f12,5TD5FY6VD00,49,01HQP4D6JTJKZ6593PWYDC32WE,2023-03-05,cancelled,Venmo
3a38e5da-164f-44d8-bbc0-c5b52734fe77,5Y57Q10JK69,10,01HQP4CZRD490AR0SGWFW21BRY,2023-05-23,completed,PayPal
3a721a56-25a3-444f-9e8c-96d4599befc5,8D46HR8PT17,84,01HQP4D4HKKPTE8PTFQETWW5A7,2023-10-20,cancelled,debit card
3afe78c6-c05a-442d-a130-90aa249f2480,7TK9HX8JK43,70,01HQP4D1C01PTR7191HA9P5S6B,2023-07-21,cancelled,PayPal
3b6745da-2e55-4163-acb7-c75412f03fe9,9YG9C07CV47,38,01HQP4D2TTE0D9HZSECY4VWVAF,2023-11-16,cancelled,PayPal
3b7e0324-5f7b-4cef-b036-db6b8088f847,5K13H42VN39,29,01HQP4CZRPQAT66V0S3ZPQX66H,2023-06-26,completed,Google Pay
3bc2b51d-ad0a-4fe8-bf0e-099bd100ffcf,6NJ9KW1AG66,7,01HQP4D4WPEJ0ZFF4JPY6NPMDZ,2023-07-13,failed,PayPal
3c40b211-63b7-49f4-95ca-a8c23d442eaa,8DG2KN2RN08,58,01HQP4D40C72XTQ4XT96EKJAVB,2023-07-12,cancelled,Venmo
3c8815d4-c5da-4788-b532-90f76b97423e,7WA4RJ0NC67,47,01HQP4D1BJ5BZ086QEWK17PS2F,2023-09-27,pending,Google Pay
3e11cc05-0e8e-470b-84e0-518d1c696ce3,6K49P59MK21,25,01HQP4D4HE4WJ4D9ZW00KJPGF3,2023-10-05,completed,Apple Pay
3f31a80f-5843-4cb0-9e5c-f98a6dde3371,3T84VF4QD71,89,01HQP4D5APNG4GPY8M0TR6ZT21,2023-09-28,in progress,PayPal
3f7335cb-40cd-4c1f-87bd-6b2f13e39920,4K02WH5RU84,33,01HQP4D78TZCX81X42WB78345R,2023-11-08,completed,PayPal
40138ed6-3cac-4d6d-af24-8f072ea7633d,2G41RK5AM89,93,01HQP4D79V3JZ4HYEXME27YHJQ,2023-05-22,failed,debit card
402ecbfb-22df-4da4-98f7-1239c5b7a7ae,1VY5X56HD78,12,01HQP4D6M5N0XP4R9NZZJAF5R5,2023-04-21,pending,credit card
404a857a-e1ae-4341-9cc5-df0ab929e6c8,8A73R04AM17,52,01HQP4D32SYJ8WVCDBFHQS7SW8,2023-03-02,failed,debit card
411e7c70-24ac-4ae5-87de-e9345edbcebf,8NT5E98NX22,62,01HQP4D1C43JTPQ0GFBB6V6PBV,2024-01-28,cancelled,debit card
414e4f38-1c2b-4b49-972b-8bf1a230d926,2UJ2AM7MQ80,50,01HQP4D40EBTTZYRQRRWC4SFFB,2023-10-31,pending,Apple Pay
4294e2c5-5b9a-4669-9116-c5c00d42f701,7J20TT6QQ76,20,01HQP4D4SCZJ5T2P2X23NZ63Z2,2023-08-03,failed,debit card
42c63165-90b2-47dd-8dbb-2e7b3efb8bc4,5CQ1KE2YU33,5,01HQP4D6DRGAQDVP7E606BWYWB,2023-09-16,failed,debit card
43463aeb-8da1-4fcb-b2cb-1d32ec5f3c3f,2TJ3M64NW79,44,01HQP4D31WF5WAHFDYF1ACRSY5,2023-10-13,pending,Venmo
4398f5a0-6b04-470d-9718-ad8dda5be704,9WD3W08JN83,53,01HQP4D5BF68E5KBK27ABBX044,2023-04-26,in progress,Venmo
43cf0163-37b7-469c-b0e5-9e46069bc5dd,9GC1HC8TF44,43,01HQP4D4SGTNSSW5H7QZRG9YRQ,2023-10-24,failed,Apple Pay
43e72366-911f-49c1-8a2f-17ec9c049c83,6JF7KC0ME02,47,01HQP4D486RZVY7XB4DDHB74BP,2023-03-20,cancelled,PayPal
43fdd78d-c617-4b03-bf31-56e3412b2f97,5RJ0EP2PT86,27,01HQP4D53FAMBW98YMSJB2Q38T,2023-10-13,cancelled,Google Pay
44365432-301b-46c6-b588-e788c2368bdd,7DR2E19WJ69,59,01HQP4D5A9M1ESQ82FTN6A75F5,2023-11-19,failed,Google Pay
44680a38-34ce-4040-abb1-3f4d65b5ad44,1WU2X43WQ02,27,01HQP4D2VJ6T87S46JE8N03AGF,2023-07-15,cancelled,Apple Pay
44730fa7-09bf-4e6a-9ed3-323dd95e0a25,7HN1XV6UG72,43,01HQP4D6DKA7K2AQ25E7V0N220,2023-03-24,completed,Google Pay
45c9a8dd-8f45-4caa-81d0-dab032649517,9J72C51NG07,73,01HQP4D79ARNP1W1QR0TD9TZB5,2023-12-01,in progress,Google Pay
462dc240-1fef-4d7c-86d5-2e770d4818e2,1NX6H09YQ01,72,01HQP4D4GX6V8MGMYJ7A6AAY83,2023-07-09,in progress,Venmo
485589fc-2a72-45f9-91d1-c58be1f1e90b,6DP7HG3CQ11,29,01HQP4D4HNF6FJDW2G2GFX10WE,2023-08-20,failed,PayPal
4865492e-9db0-4e56-ab6c-6f4ca435d316,4WA0YY7HX63,100,01HQP4D4GX6V8MGMYJ7A6AAY83,2023-04-13,in progress,Google Pay
49104769-95de-4913-9c52-589360e07137,7G38QH7WJ19,27,01HQP4D1CY3QB1R4616K2AZKGY,2023-06-26,pending,Google Pay
491538e7-43cf-4a84-90e0-40a03049cd73,1CK6D40AJ62,23,01HQP4D5ACGHDYQWE5VF2QS399,2023-05-30,cancelled,Google Pay
497d39e0-bfc6-4e9a-a9c3-7c613f1c3ab4,6G52XT3GV96,73,01HQP4D6PPBEXTSZPKWH64AYTT,2024-02-14,completed,PayPal
498e7172-0690-415d-90a9-0e25935f05f1,9PH6HJ5YF42,68,01HQP4D6DZ0B9FDGM7ZCSBM8V8,2024-01-13,failed,debit card
4a8f189b-1dea-4ffd-8e4d-905546656a69,4H53TK9DW63,9,01HQP4D2VXMCFZ9641TANEXEK4,2023-09-14,cancelled,PayPal
4af3cdb6-cdd0-4e5b-aa0f-8506872ac348,7WY7AR5WT83,96,01HQP4D1CZXXMN26Q1JJ01AEKM,2023-09-18,pending,Apple Pay
4b11ac3e-c052-4376-a121-03912ce9d16b,7TW0V34AQ54,53,01HQP4D4709BETY52JMDBQF3HP,2023-03-05,failed,Venmo
4b350a22-4604-4e30-a674-ff8def9705a7,9FF3QD8FD98,71,01HQP4D6DVT5MVSPHY9QADHZVF,2023-05-05,failed,Venmo
4bea50d5-8b3e-4a7b-ab70-b3029928242a,1Q00U79RQ92,89,01HQP4D1CZXXMN26Q1JJ01AEKM,2023-12-20,cancelled,debit card
4bee3f6d-0268-48ea-a805-437a71b1a61e,7DR8XM6HT35,50,01HQP4D4HKKPTE8PTFQETWW5A7,2023-06-10,failed,Google Pay
4c044531-dab0-40bc-a744-10c65df72340,3M83MY9QY56,6,01HQP4D1CQZQAGYYJ5HPBD1K2A,2023-11-13,cancelled,Google Pay
4c28d405-8514-4639-8ffb-672657cab3bf,1H07DF7PP71,40,01HQP4D51G53538HX1ANJM14NV,2023-10-25,cancelled,credit card
4cf7cf3d-985e-4038-b71f-a3ff97535eac,1RH1VX4EK30,38,01HQP4D4HMZ21Z3G8XTE4JESXR,2023-11-14,completed,debit card
4dd208be-b059-4356-a17e-92ce8a1bc1d4,2H87T36CA52,25,01HQP4CZRVG3332J9V0HN1FCGA,2023-04-13,pending,debit card
4e2823f8-7a4a-4476-8879-4beebc92d0e3,2E76FW6YE98,16,01HQP4D3ZRCG0P7BTEAK9W7GXK,2023-12-09,failed,Venmo
4ecb3f14-67d3-40bc-bad2-5701ded6c0ca,8T40TJ8WA84,37,01HQP4D351VTSNMHXMR0Y9X45X,2023-03-20,completed,Apple Pay
4ef465eb-f76d-4ebd-8815-1d5fd595a5c0,8A73R04AM17,78,01HQP4D1CKPXNKVGJ9H70NEBJW,2023-06-30,in progress,Apple Pay
4f09fadc-d1d2-43f7-894e-2d365deb89ab,5D22HQ2CF81,38,01HQP4D4GRGAXBQS8589HQGAZP,2023-06-21,pending,Apple Pay
5041986e-9007-40e3-9555-6a3bee54a0f5,8HM8FQ3CU45,89,01HQP4D32B5QBCF6DWS74SQ93K,2023-07-02,completed,credit card
50ea3db8-4e01-4379-87fb-d720cde4a1b4,9FV9C21YU46,70,01HQP4D32VCA9H4ZE4A13Y732X,2023-04-25,cancelled,PayPal
51079401-947c-4c04-8d9d-c461b95225b6,2RM0NP9TK40,18,01HQP4D6GC0SMN3P7WTA7ZYV51,2023-12-27,cancelled,Google Pay
512984e3-c6e5-4b3b-a705-d7bafe71cd95,2RX1U41JG45,92,01HQP4D498AFMAV0YJ1Q3GFQN5,2023-12-06,cancelled,credit card
51ae41aa-96c7-45b1-aa71-4b4f260ea6ef,6RM4WH5GK44,88,01HQP4D50EBTE0PQQF0W0X96RV,2023-02-27,pending,Venmo
51c12eb1-9605-4052-8572-8aea0e96d470,2PF4YF0XN09,52,01HQP4D6DQ7NDGS9EJKV9WTRN8,2023-09-26,cancelled,debit card
51d12302-cc87-4894-a2a6-762a194fcd2d,6KP8W20GD67,87,01HQP4D5A02YX4KJF6TXW5YQTZ,2023-08-01,in progress,Apple Pay
5240f33c-901d-4719-96f8-873b0a8cb5c3,4R40D92HK27,90,01HQP4D02KD8FQ2RK3DZVVYTV6,2024-01-01,in progress,credit card
525e8731-42cd-4ea5-ba7e-565bc4c67a28,9EW8G06MH98,1,01HQP4D03TMA15PW0K2VGV3D10,2023-07-11,failed,Venmo
535b058a-8dda-4d2f-a2eb-562898920871,1GJ8UA4WH44,71,01HQP4CZQNTPTTCBVMCTRTYZ6N,2023-11-09,pending,credit card
53bed10b-1ac4-4844-b1f0-48e8ff72a864,4HJ3X94AM40,26,01HQP4D34PYQCNK67K7G8KNWJC,2023-07-10,failed,credit card
540b17b0-246a-470e-a502-5c37fd36c669,9V04GW8VU41,99,01HQP4D6DW43Q5Q8HT5DJBKDMA,2023-09-16,pending,debit card
5480938b-30a0-4a89-94d5-892e653e012a,8VJ8PX2KH93,35,01HQP4D02W8E1VCER9PZK5EYDF,2023-05-30,failed,credit card
55b78c96-8e9c-4ddf-9593-00ae8ef753e2,7KN6VV9CC93,98,01HQP4D4ME57GNXNN4QM0RG1FC,2023-08-12,in progress,credit card
55c421c0-a275-4365-b9eb-a2aed5fff181,8FY9Q29QR12,30,01HQP4D4W9KK9P1EG5PC1M9FX5,2023-03-24,pending,PayPal
55d9d77c-3032-4f67-a5c8-74307e84164e,4RV3UH6RU71,90,01HQP4D50SWKJKGEFDN2R2DFCK,2023-05-07,cancelled,credit card
561291bb-ba28-429f-af85-a5db323f3dc4,8G96T71GV96,50,01HQP4D54VYC92C0STGV3G0QTP,2023-04-26,failed,Apple Pay
5658ddd9-6fb2-4466-b730-df3f493616c8,3NH1QX2AU14,25,01HQP4D4MAJVHSJCFAABCZ2SAJ,2023-08-25,failed,PayPal
565b4daf-500c-44d3-925c-d40a3ab0f507,3T84VF4QD71,16,01HQP4D59PPKPF30MRJRZMEXVX,2023-11-12,in progress,credit card
56a3c232-5215-465e-b54b-c76c9a329a8c,4FX4GD7UA53,2,01HQP4D02SZ6PWAEVY3JYBV1Z6,2023-08-18,pending,Apple Pay
56a6fef9-3c54-4425-b4d6-dc817d6bab37,5CX6FJ6QV35,65,01HQP4D2TJ2QRVTJPQE30F821C,2024-02-23,failed,PayPal
56b5aea1-9a87-41ec-8838-34a530798cc8,8A98K50UJ06,14,01HQP4D5A02YX4KJF6TXW5YQTZ,2024-02-11,cancelled,Venmo
579f58ac-e460-4b9f-9db5-ec706c87d7f1,3U13J03GT52,42,01HQP4CZS2X92V32176A7S82HK,2023-07-24,cancelled,PayPal
5830a991-fb90-4261-b990-ecad888c3038,5G81JY9KG59,4,01HQP4D4WRK64KA7SHGZZRW84C,2023-05-06,pending,PayPal
59b03933-3925-496a-bd53-abc539d345d1,7V35PF7FA81,66,01HQP4D6GG30SGNVY3MQV665YE,2024-02-14,failed,credit card
59e157f4-6b85-4cc2-80f1-144f191910da,3GT7YH6AN91,17,01HQP4D47FWAPR1R0KA103FGE6,2023-11-15,completed,Venmo
5a7e6098-3db4-4d27-9359-7422db598b26,4VA3KE8TK23,77,01HQP4CZTM8W68DCXCKRCGTJVD,2023-10-27,failed,Apple Pay
5a98cee6-9880-49fa-8ff0-e860ab27c6f2,4E80AQ2RY02,51,01HQP4D4TDHVSXDN0P034HTAJX,2023-05-29,completed,Apple Pay
5a9cf955-c339-46db-9a97-fd10573afd26,6MT0UY8TQ82,56,01HQP4D6PF2Q2V7C9HCXEHXGV7,2023-06-07,failed,Google Pay
5aa12cc8-3634-43ff-9ffe-91033cd75fbc,8NK1AD8FJ35,18,01HQP4CZTNZ7C1EG36C4ADQYQP,2023-11-17,failed,Google Pay
5aa700dc-67c2-4b3f-a982-88c618ff5172,1FE1RT6KH53,6,01HQP4D1CBV4FC7XMQ86VSWBZ4,2023-04-15,pending,Apple Pay
5ab938e7-fb45-42b3-86b2-773a9b6c3876,3AP8CH0HU70,28,01HQP4D40P08Y9RY57YCKMVT1V,2023-08-06,cancelled,credit card
5ac30415-f4ad-44f8-a070-c55e9a717d03,6J05DK5NE29,10,01HQP4D6MG6QDG2XSRC9SXE70B,2023-06-30,failed,PayPal
5b05a975-0daa-4e6e-bc60-bcbb9c5651e4,7F70TQ9CN22,57,01HQP4D4T94BNQDQ3VEA14FPMF,2023-11-06,completed,Venmo
5b7869aa-5c5d-49e0-87ec-0f3fb8e5a1a1,8P71FQ3EY86,46,01HQP4D4WG8FYV5YRKJW244DD5,2023-10-24,pending,PayPal
5c0bb2bd-bb51-4885-bc96-8b4767cb85fc,5H50PH9ER98,2,01HQP4D4890K3CWQW2JSP46DSQ,2023-06-02,cancelled,Google Pay
5c1df8e4-687a-410b-b251-c86b776b1d28,1KY4KP6FT10,60,01HQP4D7A39P0P1D5XK0QKDJYZ,2023-06-10,completed,Apple Pay
5c302fe4-b883-48c4-919e-c3dc547de28e,6EC4AF8XH81,52,01HQP4D34PYQCNK67K7G8KNWJC,2023-07-19,in progress,Venmo
5d08089b-8c40-4141-910d-99ef66cb8853,3VV2N61QQ93,82,01HQP4D507SN9XDAC1TAP0MBG5,2023-03-21,cancelled,Apple Pay
5d303738-0e00-4daa-aa21-94a688d8ac07,2G08AR3RT08,99,01HQP4D59SV74AKEW69M6MAY9T,2023-05-16,completed,PayPal
5d66ae41-4a22-4e84-aeff-f3b523b93464,1PE8E49YX05,14,01HQP4D50Y527WKGT8R844JFNE,2023-06-04,failed,Google Pay
5d7213d7-5566-49b7-9e4e-201c90b5b828,9YG9C07CV47,14,01HQP4D5A5EB4MRGAFXD0J2501,2023-09-15,failed,Apple Pay
5e997801-9763-422c-b261-1ab21a191c8e,2M07RJ0XF27,64,01HQP4D48P0WK5FFKZC5HG0Z24,2023-12-22,completed,Venmo
5ec2df0c-66df-4bc3-b6eb-95e2ea4e7134,8JM4FP4MX45,11,01HQP4D537NN4G30BJC2EE8324,2024-01-27,failed,Apple Pay
5f29b70f-7c90-432b-b8ac-549512bced65,8G25TE3XJ33,27,01HQP4D4WC58BHP4B380RV10S1,2024-01-12,in progress,Apple Pay
5f617284-cb7d-48ad-90ae-3db511ae2d2f,4CF9AF4XA40,39,01HQP4D46VN2WPVRE7WMN4WZCR,2023-09-08,completed,credit card
5f67d858-8cce-41ca-b6b8-32c5c5ab771e,2H87T36CA52,70,01HQP4CZRK05AAAV1MHDDF2VNK,2023-11-20,in progress,debit card
5f7411b3-e5b1-4efd-b614-ca33a923d9f2,9X84U33GJ83,22,01HQP4D6M0Y1P41C7KABS57VHD,2024-01-04,completed,Apple Pay
5f9427ed-be7d-4230-ae74-7c73469c32d6,7K66QN6UM23,75,01HQP4D4W3H22QXDPSVE45PZ70,2023-12-08,in progress,debit card
606e23b3-f509-483f-ad81-804128b68d8b,6MG9MC2NG59,8,01HQP4D4WPEJ0ZFF4JPY6NPMDZ,2023-12-01,cancelled,PayPal
612e599e-d3f1-4a70-9aee-0fd8b69514b0,6T18UE2MG02,55,01HQP4D1BGRZNWZN127JZMF627,2023-08-11,pending,Apple Pay
620f1eb9-da04-421e-940b-15e053c98dfb,8NT5E98NX22,42,01HQP4D50CF0Y1KC53PXF22QPX,2024-02-18,pending,Venmo
623f0f94-b3b4-4dbf-bfde-41a66994bdca,7YW0Q82XM49,87,01HQP4D6GJ4TC98G6ZQYSDF3S2,2023-11-30,failed,credit card
6247d169-8b77-47c1-802c-5460e8f2ad39,1EM0JG5FQ43,52,01HQP4D4H4B8JF2DE0QZMZRDNB,2023-08-31,failed,debit card
625b8ea9-4bfe-4f86-8d55-ddf440980266,7K27P15UC40,66,01HQP4D1C01PTR7191HA9P5S6B,2023-07-07,in progress,Apple Pay
62f043fc-0f47-45f9-8e46-d4a1a1628f09,7G38QH7WJ19,98,01HQP4CZRNT5AHPHSHC6E9MN27,2023-07-14,pending,Google Pay
632c316c-c667-412d-925b-bc81ff826c7c,7HR0PQ5VU71,65,01HQP4D4GZMTCNSJ0P7GW153PK,2023-08-04,in progress,PayPal
63513d90-003f-442e-b46b-39350f78971e,8YV4J76FD27,23,01HQP4D1BD17FBQSWR8QFP31EW,2023-09-21,cancelled,Apple Pay
641e68ee-2e3b-46cc-8f73-7ad989ddfa57,6AX0KU2YW33,49,01HQP4D50054KJBFVMBWNJD917,2023-09-13,pending,debit card
648abef5-7fc1-4d9d-abde-547734ac251d,3HR9T87HN01,63,01HQP4D4ND5DGQ95P9ZYWKAYPH,2023-09-21,pending,Venmo
657bc755-3bbd-4f7e-84a1-36f5098ae10d,5XE2CF3NM24,99,01HQP4D486RZVY7XB4DDHB74BP,2023-07-12,failed,PayPal
65aeb37b-bf13-4cbb-911e-0d6063dcf85c,7DV8KM4QE54,84,01HQP4D6M5N0XP4R9NZZJAF5R5,2023-10-08,in progress,PayPal
665c0b45-46b4-43bf-a782-adda0f0d9b32,6JA8KA1DH33,90,01HQP4D6KPQV8N13B9NX37PZ7V,2023-06-30,completed,credit card
66715dc8-9775-4d19-aa8d-f7bbf9ef086a,6P94HV2EM94,95,01HQP4D34VW2552RPNPAPM8HZA,2023-10-28,in progress,Apple Pay
668a875e-b3c2-4424-b113-79e83c7ecdf5,5WU1TT1DU55,8,01HQP4CZREA0PTD94SXP649XNZ,2023-12-21,in progress,credit card
66d892f7-dbbb-4bf2-bb72-80e8ff87839e,8T60Q83YJ71,33,01HQP4CZS6TAB42VFCJJSEYVA9,2024-01-01,failed,PayPal
6755a79f-e50b-4126-af54-d01a793b9739,6M80YW4FG10,58,01HQP4D4GBX62C6YDRY486ANYB,2023-10-08,in progress,Venmo
67abb575-461d-4eec-966f-edd60f29c4ac,7FM1TY2WW43,75,01HQP4D50054KJBFVMBWNJD917,2023-11-28,in progress,Apple Pay
67b7e9df-f4cf-4e11-8b5d-ce1d6f6f3eb8,4UD0GJ2CP77,67,01HQP4D6QPZC5DVTN72QAZ7PQK,2023-02-28,cancelled,PayPal
67d2aaf4-fbcf-4308-b87e-5fc362750364,9WD3W08JN83,63,01HQP4D4WC58BHP4B380RV10S1,2023-02-27,failed,Apple Pay
68593fd0-6199-48e3-b6ae-02ef001eb064,6U77T35DM05,12,01HQP4D54X29J00GVKTFMTQWK9,2023-03-31,completed,Google Pay
6866517a-7e34-41fc-8854-c8a27c03cd06,2TY0MT9KQ10,86,01HQP4D5ADG024W0B01ZJKGDWA,2023-05-26,cancelled,credit card
6870014d-e80b-4918-a45b-2872f36aab49,3AX1X29TP50,24,01HQP4D546K2AXK0R1XXD37G1K,2024-02-10,pending,PayPal
68cb2be9-a9cb-4d3d-92a7-daf60e5e8818,3VV2N61QQ93,80,01HQP4D486RZVY7XB4DDHB74BP,2023-06-21,failed,Google Pay
68ed30fe-f887-44ff-94ca-e1e2aeaa9af6,1AT9FC6UN05,88,01HQP4D4S1V9ANV9E6YE3GGF1E,2023-08-27,completed,Venmo
68f567c3-705a-4fa6-8f68-c27eab4875c5,6EW8P82DX52,79,01HQP4D4WQ0BNCPCZ9VTXSX17N,2023-12-01,pending,debit card
69124581-6c62-44e0-ac45-cf2306178fcc,2RC7Y26TM64,93,01HQP4D6P4NPDXRNPWZJWSP8K4,2023-04-23,pending,Google Pay
696b3e99-3e99-40ba-9b0c-9a9be44e3e66,9YQ9VH3WG32,78,01HQP4D34PYQCNK67K7G8KNWJC,2023-06-19,pending,PayPal
699b02a5-f289-46c5-bfb1-71f9df910686,6G57MM7UX85,8,01HQP4D47XDWSFAHPX6DSFPJXX,2023-09-14,cancelled,credit card
69a80957-75ae-4ac2-a124-364bed3ea536,6R31D53AQ14,27,01HQP4D6PK41GC568FNYH0HD7H,2023-06-05,in progress,PayPal
69d9c916-da4b-44b9-a9a6-9d7163969c87,6U77T35DM05,98,01HQP4D34WPH9P66T5152CCDXT,2023-06-30,in progress,credit card
69e4c92f-421a-4176-b1d1-dacce88e46c8,3D28T37MH89,42,01HQP4D4WEVR0VZ4HCREKMMAA3,2023-04-17,cancelled,credit card
69f887c0-faf1-48f8-80c5-aa83b05d6935,9RJ5N08RQ62,46,01HQP4D50MZYVQ6ME00EM3E6VE,2024-01-29,pending,Venmo
6a2f09d1-a060-419c-b866-9bfb824fee84,2VV7XG4JD91,44,01HQP4D3ZXB3V4KFR9YNFAPECK,2023-04-25,completed,credit card
6a7d2792-7723-4657-b17f-bdd63f59ae4b,8G91U37YX34,28,01HQP4D6PZNPS3B58RNHY06J7Y,2023-12-18,failed,Venmo
6b1ddbc3-2067-4ee1-ae33-4841815504c5,9KX3R82XH17,39,01HQP4D6KPQV8N13B9NX37PZ7V,2023-04-15,pending,Apple Pay
6b515a5a-75c9-4e92-a255-6ab5175b047f,3UQ6JC1FJ55,17,01HQP4D6G63QYFEPS3ZG06VKXA,2023-08-29,in progress,Google Pay
6bb065c1-5c08-4fff-b22b-ef103afa7bfe,7C35HA1MW46,41,01HQP4D326R6SZ8B3W5MJANCH8,2023-09-16,in progress,debit card
6c3ac051-9d6a-43e2-89d8-f98df4258976,8WX9T98EC83,64,01HQP4D4KWJN8EV22YYYREK0R9,2023-09-01,failed,Apple Pay
6c4db882-1dd6-4e84-8101-e1077a840199,5Q24NY2ER45,100,01HQP4D5AE1EYB9SAWWHVV8PRX,2023-06-05,failed,credit card
6c85bf96-4d70-42e7-b5c2-07d8a5c27118,5YH4Q69RQ72,36,01HQP4D4RKE9AK2MBE83DCGABN,2024-01-15,cancelled,debit card
6ced9d3d-60c4-4877-ad99-560f1ed270d4,4DX8P08KE60,17,01HQP4D32XSK20JHS7K5N7KGHP,2023-07-15,cancelled,Venmo
6d02f861-09a4-43bb-bb4f-2cf5edc6e7da,9N04AM5DF62,86,01HQP4D40C72XTQ4XT96EKJAVB,2023-12-09,failed,Apple Pay
6d49a3df-dc8f-411b-8f3b-df5dd179e661,4EX0MU5PX82,95,01HQP4D6M5N0XP4R9NZZJAF5R5,2023-08-27,completed,debit card
6d6fd9f4-6b5e-4c00-90fc-a3fc4ba6a474,2EK7DM1HX90,91,01HQP4D79H6FYF1FJBR8NKJBAC,2023-07-19,in progress,credit card
6da9a797-9c50-41e8-aae7-9592ea89e40c,4Q36JR6RW17,25,01HQP4CZRTG3C2Q7YT1XF4FB24,2023-04-29,in progress,debit card
6db37062-08de-4384-a2f9-edebc63ce60e,6R79UP4MQ51,81,01HQP4D50S26C2DZXFDZV3WQ50,2023-10-27,pending,Google Pay
6dd289a7-ec62-4a08-a8c8-ec24b0e938cf,9JN8TA8RT22,34,01HQP4D2VG10065GP60QK4M8YM,2023-08-25,pending,Apple Pay
6e1c4d37-ffe0-4543-9b03-7cc21a9be116,1KT1CG4EU68,7,01HQP4D40FG2ZAAW8E4DE8DF95,2023-12-15,in progress,credit card
6edf8a6e-6736-4554-aaa8-37b271669f03,3T84VF4QD71,40,01HQP4D51HMDQXEC94VY7TK73Z,2023-09-03,completed,Venmo
6f1db5d2-a1d6-446d-a6a7-fc5675108534,4WA0YY7HX63,87,01HQP4D6QPZC5DVTN72QAZ7PQK,2024-02-12,cancelled,PayPal
6f41ce41-96f5-4abd-8d76-dfc6f7e0a14f,2XC2TQ0WJ43,25,01HQP4D4N1Q2PAPXNDJ6VXBTAJ,2023-06-08,completed,PayPal
6fb153fa-3818-4980-a47c-e4f293a86cef,8QF7N66QQ32,17,01HQP4D3ZP519AKKARPX46DK6T,2024-01-13,failed,PayPal
6fc26b69-78cd-4230-a2dc-6433b7444e1b,9M98T18UE75,57,01HQP4D1CSN7RW4MEC1V7NJGVD,2023-06-19,in progress,Venmo
70187819-0410-48de-8a76-9031fe20086b,5QM6RD9XU64,80,01HQP4D4RXS8BXH6QEKZBVFVZK,2024-02-15,cancelled,credit card
702e53ac-54c8-49b4-9a5b-f5d9543eb34f,9V31PP3AF18,73,01HQP4D2TY1JZT2RDSN0GC7XMM,2023-11-07,cancelled,Apple Pay
704d3657-406b-4ad3-85d3-1b61fe990b1c,6MT0UY8TQ82,90,01HQP4D6QJX1QXBMPQHVM7DCAW,2024-02-26,pending,PayPal
704f3a2e-e0d0-4c08-98ac-a48158502555,8UD1QJ9NF11,62,01HQP4D6M89EEBBXVCCQCAW54D,2023-07-13,completed,Google Pay
706620df-dbf5-4c9c-9bd8-88d737764a42,3AK6WP3RM41,79,01HQP4D1CQZQAGYYJ5HPBD1K2A,2023-08-07,in progress,Venmo
707d5d09-31d8-418b-a093-0e5a5e072382,1EW2R65AA04,92,01HQP4D2V72D1461KYDFR6C8GC,2023-04-05,failed,credit card
708292f7-33da-4aae-9bda-d9ebdab78501,9A66H64FA64,43,01HQP4D54MX9HBVBV1GTGNVRS3,2023-06-30,failed,Apple Pay
7095e625-6f2e-4a2f-a8fb-0d502e91390e,1NW1NY0PP73,88,01HQP4D1C43JTPQ0GFBB6V6PBV,2023-03-17,cancelled,credit card
7124e51d-049a-4120-99cd-258965f9bc5c,1AX7NA3QF08,29,01HQP4D5504BH6SBMYKSRJDJMH,2023-07-13,completed,debit card
7151b477-834c-448b-b73b-f5899f6a3422,5CW2Q80YT56,91,01HQP4D798WSB8VNPPPHYSPHYY,2023-07-27,completed,Venmo
7193afd9-6d20-41c3-818e-d8a7c08bd31c,4WA0YY7HX63,70,01HQP4D40QK0TH0TB67TSYEQGG,2023-08-22,cancelled,debit card
7226e876-549e-4207-a740-367389706d19,8RR6G29PQ34,19,01HQP4D50AN05XSFM9JHA05RZQ,2023-03-04,completed,credit card
728dd61a-4f58-46b0-a634-9ae7d4ff1c37,1KT1CG4EU68,42,01HQP4CZRAKNBMPC2T19PWMTF2,2023-04-20,cancelled,Venmo
72c4e818-8da3-4b90-ada8-6bf231f4ad4d,8XE6XV0DA95,2,01HQP4D53MKKN9H2FM2RC6CZ5E,2023-09-14,failed,debit card
72ca6b30-55d0-4909-b3ec-7a224b60d22b,7VE3N87RX07,88,01HQP4D6P4NPDXRNPWZJWSP8K4,2024-02-01,in progress,PayPal
72d07f74-c53f-463b-a38b-c9d6099e0059,7DR8XM6HT35,61,01HQP4D2V5AXN6ZN8RF1FPZ2M6,2023-07-30,pending,Google Pay
739e9aa0-fec8-4e25-ad52-4e95cf6cb94d,3R45T77QQ75,83,01HQP4D5A4Y9E0QM299PHEAZC3,2023-06-15,in progress,Apple Pay
74248f26-84a8-42a2-a04e-b612580e7869,6PQ0K75PP44,69,01HQP4D541H57DHFDDVRYTFRGK,2023-03-25,pending,Apple Pay
74421dab-1f00-4191-bf59-72b16d2d5675,9M18TN6WH22,85,01HQP4CZRXFZ5A1FEQCZENWAD2,2023-11-20,completed,Google Pay
7523101d-a020-4729-a593-133abfba6030,8H24M84WA59,58,01HQP4D4HBCDMG7ZF5D5FPAFD1,2023-10-22,in progress,Venmo
752a40a5-a3e2-468e-a498-034d17b26dfc,9DE8F03CM88,6,01HQP4D2TGNHS6GGJ9SWN2YKAN,2023-06-24,cancelled,PayPal
754bfff9-261d-4029-8343-ccef21fa40db,3T51WE8RV59,11,01HQP4D5BF68E5KBK27ABBX044,2023-03-28,completed,PayPal
765b7879-1378-4ac6-8334-db6ac5079872,5CT8J76PU92,39,01HQP4D1BRZWF6W283CNBWBXY5,2023-08-09,completed,Google Pay
774a7731-7145-4e52-aed9-b949b588199f,7M38VY0DM42,91,01HQP4D6KY2CW66JYK1G4J5S75,2023-10-13,pending,credit card
777c56b8-009b-430d-b9e6-c122bdadca17,4PR1W64RM57,20,01HQP4D78WKYWDEGCJE8SH61MC,2023-11-19,failed,debit card
779cee94-a76a-4899-b1f3-8f52fe415329,9J72C51NG07,2,01HQP4D34JP8WD424W9QVT533X,2023-08-16,completed,Google Pay
78d322cf-4f26-470a-83ce-ff952861e387,2Q28TC8FT46,97,01HQP4D35JZBWJFRM88TVSA4R2,2023-12-06,pending,Venmo
79018152-8014-45a4-abcc-1dc7efdcc072,9XP9JR9XM70,46,01HQP4D6P5WBMB22JXPW1FXS80,2023-10-12,in progress,Google Pay
7936fcbf-e133-4175-aa86-18e4acb76acc,1VA4GW7TK38,27,01HQP4D4WJA58B23DAWVK53JC8,2023-06-25,completed,credit card
7995aea4-1e1e-478a-ba97-7e3fe1e375e8,1D54NM0XV43,6,01HQP4D6MR8QKN37ND0CSF3XSB,2023-03-10,cancelled,Google Pay
79d18d75-3aaa-4ab5-b30a-e779d2505319,6K49P59MK21,52,01HQP4D5AMWZ4JY5QG1YSDQ2AZ,2024-01-08,cancelled,debit card
79d673e8-cbfe-4711-b675-9eb28c516c91,8M97MF8VK84,39,01HQP4D6DKA7K2AQ25E7V0N220,2023-07-06,pending,PayPal
79edfc29-3c3c-4e43-9598-5aa3ee4e1c5f,8WY1M76GX03,98,01HQP4CZRQM3906AZYNEJDQ6WA,2024-02-08,pending,debit card
7a03e686-1df4-44c9-a446-6f665a5205f6,1CJ9UV8VF00,68,01HQP4D4GD5N1CHTEXRGAGWGQ6,2023-05-21,failed,PayPal
7af0f4ff-b3f0-49d2-a836-98cc3d35efc6,5A20D67VT39,20,01HQP4D50B56SP473FA7WAVPDZ,2023-08-13,cancelled,debit card
7b1a1f9a-4f86-43bd-b98d-d915272cdace,6NJ9KW1AG66,61,01HQP4D6MNYY20GXV58A6D6GJW,2023-11-10,completed,Venmo
7b744b2c-f323-4389-bc45-87548bf503fd,4CW5UP7QD44,81,01HQP4CZRKXSAA26F96H4ZVFFS,2024-02-17,pending,Venmo
7b7f5e4b-3deb-408c-83ce-ae9a24252a8d,7R97M49JX93,10,01HQP4CZS0YZ480ZCZ69S40N3M,2023-08-17,completed,debit card
7b93be0b-618b-47da-9085-e95e5ed066ec,5QM6RD9XU64,13,01HQP4D6MQJYMEWE8YT3TRZVBX,2023-11-18,failed,credit card
7bf02aee-9b9a-43c3-8196-abea315de366,8D92XW8DF07,9,01HQP4D47XDWSFAHPX6DSFPJXX,2023-04-04,failed,Apple Pay
7c3e08de-f9e5-4691-abad-1af10a515a89,3N92UU3KG10,15,01HQP4D6QCVYC8C5YEGSZD8WF1,2024-01-03,in progress,Venmo
7c41caa5-18b3-470d-8f70-badf62e812c0,8FY4T40XE77,8,01HQP4D54X29J00GVKTFMTQWK9,2023-10-31,pending,Venmo
7c63649f-8769-44bd-ade9-8581fa33f379,8E74CG9XX00,31,01HQP4D2VMM100ERKDQ0GS7G0X,2024-02-17,pending,PayPal
7ced5df6-da67-446a-b955-dc55c6dcaafd,1FU3M00TU09,7,01HQP4D6M89EEBBXVCCQCAW54D,2024-01-29,in progress,debit card
7cfb751e-0eaf-46d0-96e5-1460697417ff,3GC8AY4NP35,21,01HQP4D5BV1M902CXNZ1HZHSP8,2023-06-05,failed,debit card
7d183e8f-5817-4803-a623-4030889d1495,3NQ4MH0AD85,79,01HQP4D54P3RN3MK118PAWYYQK,2023-09-05,pending,credit card
7d1a3fc7-48d9-4e65-b20f-6bc9c7fe0ab0,7D27VR1JU52,58,01HQP4D47BSMFF80AHBJEQD8WG,2023-07-02,cancelled,Google Pay
7d5077be-0db8-4181-86e0-ce37ef02e65a,5H28Q77YH37,92,01HQP4D6E3Z7YRKKD1N618HRJ5,2023-04-08,cancelled,PayPal
7d6f13eb-63e0-439e-9b99-8362a81ad115,2KD9EM9VW10,33,01HQP4D4WHRJ3TD69YPF24PJDJ,2023-07-28,cancelled,Apple Pay
7d81584f-d030-4074-b06f-f5563b49bc5d,6M02Q23RX95,98,01HQP4D51NB5A44BPCS6Q0JCKM,2023-10-22,completed,Apple Pay
7dc78473-5ac1-4b35-b780-f86acf9564c2,7FM1TY2WW43,54,01HQP4D491T0HS57YH9X8320YF,2023-09-16,failed,Google Pay
7e497a55-bd2f-484f-911b-cd9bb8efc4fd,7FJ8UT4WU86,89,01HQP4D34GGQF8RZXYP5JGQXWP,2023-06-24,completed,Apple Pay
7ed71db1-3da9-4448-888f-b9e15c120441,5MN2A10FG43,75,01HQP4D02MXNHYB7D2X4QVVGQB,2023-05-22,pending,Apple Pay
7f4b9174-0981-4ec8-a923-73524b29e744,3M83MY9QY56,57,01HQP4D4MV3T2RE094CYEXB2GK,2023-08-02,pending,Venmo
7f77d246-ed24-4d14-9087-c439968c66e6,9FF3QD8FD98,71,01HQP4D507SN9XDAC1TAP0MBG5,2024-01-05,in progress,PayPal
7fa86c07-6746-4370-b4ff-2076985b083c,8M06AA7FW06,33,01HQP4CZSK1CGWZQRE5C2KJS7F,2023-03-01,completed,Venmo
7ffe87aa-0086-407c-81b2-8e220d7f19ad,8CJ0WK8RD77,67,01HQP4D1BRZWF6W283CNBWBXY5,2023-11-10,in progress,credit card
803f2ccc-e1b3-448d-9cab-374f938d5f77,9JF1GA2NT90,21,01HQP4D40QK0TH0TB67TSYEQGG,2023-11-10,in progress,debit card
805d58fd-fa84-47e2-a9f9-a65a7a8e95df,3GK2F78TA33,26,01HQP4D4M0RFRS6AQGT047NA6Z,2023-06-16,pending,Venmo
8102cb07-9c21-4e4f-bdb6-e92d6207e2da,5TJ3EK4JJ51,43,01HQP4D1CFT83HT52FJ09GQZGG,2023-07-06,cancelled,Apple Pay
81951583-d686-4ca5-a9a2-d8c10da882b4,4HN5UT6ER08,41,01HQP4D32XSK20JHS7K5N7KGHP,2024-01-01,completed,PayPal
8241e703-ea3f-40ee-af75-5b497984d358,3HC3EC7NF29,2,01HQP4D32A08R5K05PDE1BJD91,2023-11-02,cancelled,Google Pay
82a785ae-76c6-4dd6-838f-3acf53ed1473,1DW6N60KX24,3,01HQP4D6DGY6XKYS1AHV3CJG7E,2023-12-02,completed,Venmo
82d04a5b-3f99-4f42-be2e-f7d962bf51eb,5DM0JQ4WC42,55,01HQP4D54VYC92C0STGV3G0QTP,2023-10-26,completed,debit card
83744549-b844-44d3-a594-e7df1cc94d03,8YX7UX3AK88,36,01HQP4D34KBXWXSWGN70Y4ESV8,2023-05-10,in progress,debit card
83ebec35-e9ba-41c6-90a1-287d6c3c13e3,1TT9QH4NY95,84,01HQP4D4KWJN8EV22YYYREK0R9,2024-01-20,failed,PayPal
8427bf66-0e0a-47ba-bbf5-8932658de6f0,3DV0EA6HX07,57,01HQP4D40177G35BVC4J35BECE,2023-12-26,cancelled,PayPal
844c7373-cafe-40eb-9045-be0a38a5f487,3QF3FJ5EU94,58,01HQP4D5AWK3CB9BMTXRKK1TNN,2023-10-04,failed,credit card
84ddcb8c-d831-40f0-8ab3-257a0789d33b,3D78VD0UW70,29,01HQP4D6MK3BN93ECJQ8E7K4RS,2023-10-09,completed,Google Pay
84ddeaec-4574-4257-9e87-aa9610d5d650,7D27VR1JU52,80,01HQP4D6GC0SMN3P7WTA7ZYV51,2023-12-25,pending,credit card
850400e5-9a9f-4a6e-b164-f16a8c0780ae,3NE1RT0HK79,4,01HQP4D4SWZYEDVVFAFHRX78Q2,2023-08-23,completed,debit card
867b90b3-4f4e-4fa1-a72b-e11671b96ac4,4CD1EY4RX88,42,01HQP4D5ADG024W0B01ZJKGDWA,2023-12-24,pending,credit card
868c278d-db8f-4f25-96ed-97c9332170aa,8G91U37YX34,65,01HQP4CZSEMT27PCR885R67G5E,2023-07-10,cancelled,debit card
86914a12-71d4-4284-8e07-1b639fae1054,3N81C41JA02,57,01HQP4D50JYZ532Q8MWD0PKX1A,2024-01-22,cancelled,credit card
86c6d292-2de7-4845-834c-677756ec0f31,4JY1FV4MH33,20,01HQP4D78TZCX81X42WB78345R,2023-09-19,failed,PayPal
86cd4e00-b32e-4e76-acc2-60b4d667d0e7,9MV7Y04QY27,84,01HQP4D03HXWTXKBCC06S6VWRB,2023-05-19,completed,debit card
873ec01a-c026-448d-b041-361e5130ce4c,5Q24NY2ER45,76,01HQP4D03HXWTXKBCC06S6VWRB,2023-06-29,pending,PayPal
8799fbd3-624f-4206-9406-aac220b35774,8FM9GV5VV73,93,01HQP4D548R3EB3VWBSCJVEB6W,2024-02-09,cancelled,Apple Pay
87a20c1f-f3b7-4301-864d-5d2257319aa9,3TP6EC4EW69,28,01HQP4D40FG2ZAAW8E4DE8DF95,2023-05-04,pending,Google Pay
87c94f79-d037-4c0c-9bf7-bb4ba31dd6c3,7W49NY4MP85,60,01HQP4D4WMR9H5BCVJ0GJ3H1DG,2023-10-20,in progress,Venmo
8812a537-a1de-4c61-8501-0515ae8e9a6b,1DW6N60KX24,76,01HQP4D50MZYVQ6ME00EM3E6VE,2024-02-04,cancelled,Venmo
8837eb69-67f3-4460-8296-eccf7b5d9a88,9D20FR8HG96,14,01HQP4D499PPYZ1PTYMKQDZ940,2023-04-23,cancelled,credit card
88e260cd-c8c7-4c7d-bf25-d29aea5dafce,1KW3YF4EC69,56,01HQP4D1CKPXNKVGJ9H70NEBJW,2024-01-02,failed,PayPal
890b7a33-7e5a-4e43-934b-93c609a0503d,3N65UG9YV09,66,01HQP4D50NK7FX94PHGVXNXHDM,2024-01-07,in progress,debit card
89dac2fc-2f52-42a9-bba2-14cbf448e8e7,4K02WH5RU84,48,01HQP4D34PYQCNK67K7G8KNWJC,2023-03-12,completed,Venmo
8a261329-9af9-47df-87c7-34510b22795b,3MU3UX0CD24,51,01HQP4D4THWKCB92P4E9QFR5DG,2023-07-20,pending,Apple Pay
8ab17950-3313-4206-af58-3b5572f87f89,8UH6GN1HK24,26,01HQP4D03G7X6SDZHTDCA4GF05,2023-11-27,completed,debit card
8afa55b9-274f-4436-a636-2b1c4d4635a0,2CE0C12CN61,64,01HQP4D50AY6YE362S7XP8GH76,2023-10-28,cancelled,Venmo
8b63a950-989b-44b0-801d-e6d67bd2636d,7W49Q79AH15,81,01HQP4D5AHK914V400RDT9ZRY9,2023-09-17,failed,Apple Pay
8ca14fbf-983d-4a46-b713-8dd29967e5c5,3YV9FX0YM37,53,01HQP4D02KD8FQ2RK3DZVVYTV6,2023-10-06,failed,credit card
8dae67f2-0668-469b-89ed-6285ec75d1dd,6RK8QH5GJ00,77,01HQP4D40EBTTZYRQRRWC4SFFB,2024-02-26,failed,PayPal
8dcf23cc-1ca3-4f68-9dfe-a0750a073bf6,3QM8DH6RP12,96,01HQP4D6G97HT7QDVZRK448ZVS,2023-08-31,cancelled,debit card
8e0b4bd1-4993-411a-ad7f-7090645bfe54,5W89AE4RK75,43,01HQP4D34WPH9P66T5152CCDXT,2023-06-15,cancelled,Venmo
8e6e6a27-271e-4ee4-a289-4453d5e66ba4,3H19RN0GH24,98,01HQP4D6PHYV1NQ1XVZE9NSMSE,2023-11-20,completed,Venmo
8ee0c254-2fb9-4977-8b88-52ef4ffa576f,5AU7V68CY09,4,01HQP4CZRK05AAAV1MHDDF2VNK,2024-01-15,completed,Apple Pay
8f4b9183-e225-434b-8b6b-0b4ab67e1b8e,4D17HD6QN38,79,01HQP4D48E18CBV2N8MQKWGGZG,2023-03-03,failed,Google Pay
9044ad36-9881-4b90-887f-75d10d43a07b,4HN5UT6ER08,93,01HQP4D4N8Z7G3QNS18HAK9MJP,2023-06-19,cancelled,credit card
904f0235-7258-47d6-b6a7-4ba055d45727,8C14J72CQ11,2,01HQP4D2V9FPZ4D6NJFB3E0EY1,2024-02-26,cancelled,Google Pay
90f091b0-67f4-46f1-b929-8af22ba07408,6U87Q47EJ87,70,01HQP4D40MNYJNVB84QQY9A4HX,2023-06-29,cancelled,Google Pay
90fb6f9a-c730-4db1-b4e4-fda003be2444,5WA3E87JV42,54,01HQP4D6FZH084M1Y5DZ77XRB5,2024-02-24,cancelled,PayPal
91b6094e-4a3d-4d74-8f2e-ffaea01e13fa,6FA1RE4WG80,97,01HQP4D4GJ5H9J0ZZCZAJ47W9Z,2023-05-24,failed,Google Pay
9347ae9b-3c16-4bc2-929e-ff68338891fc,9KJ7PC5KR59,56,01HQP4D32HRCMHKNT2MRZE4RTD,2023-12-16,completed,credit card
9379717d-3d2b-46c5-af91-ae475247b544,4XF8TG5CD85,3,01HQP4D032H10XF8CZHY888BRW,2023-07-27,in progress,PayPal
93a1e10b-ba14-4744-88cc-ff5bec54879b,9C14F39JK70,7,01HQP4D59RK7JT6QBNAADVD718,2023-09-15,cancelled,credit card
94df45ad-1d2a-4ce5-ab72-63f34e77b689,7R17Y59UN27,51,01HQP4D6Q7JA9HNFVEFFVH8S3R,2023-03-12,failed,Apple Pay
94ef21fc-55ea-409e-8c4b-8fd8f7b57152,9AQ7AM9TQ26,41,01HQP4D4H4B8JF2DE0QZMZRDNB,2024-01-09,pending,debit card
9544c7e8-8236-49bd-a7b2-d10aabba9eb3,3N62GK6AA99,30,01HQP4D6FJEMVGS7WS8YWE6C54,2023-09-10,cancelled,Venmo
958031c1-dec2-44a3-87d0-5e510ed6901f,8VJ8PX2KH93,13,01HQP4D6GHY9MX7VVKBV4FT80C,2023-08-23,cancelled,Apple Pay
95ef95f5-f8a8-4786-b6df-8684b167a1ed,2VV7XG4JD91,19,01HQP4D5504BH6SBMYKSRJDJMH,2023-08-30,completed,credit card
96964336-0a6d-4567-ad5d-f3ed4ec90c9e,1EF1H46JK87,76,01HQP4D4SZBQ3NC59TMMKYHWJD,2023-07-07,in progress,Google Pay
97208cc1-59d8-4e3c-99c4-9c0db2be2482,8PX4QP8MV74,12,01HQP4D4WF2HE0BAMZ3KWS24JC,2023-12-26,cancelled,debit card
97dee109-d915-4841-bf12-3205d1c3a912,4HE8JK5AD84,38,01HQP4D3ZHX6Q8HT4BYDQ32SKX,2023-12-27,cancelled,PayPal
97dfe091-236a-4754-8f58-d5c5bf99d29e,8RE1K18JD08,89,01HQP4D794Z3DR4KP7AWJTKVKX,2023-06-21,completed,Google Pay
9822e15e-dd3d-4fab-a44e-b6f4210fb893,8JM4FP4MX45,97,01HQP4D54YSMQP43EP8TNQJD6D,2024-02-15,in progress,Venmo
98616da7-ede2-487f-9795-1eba50640492,8NE5X18FU50,9,01HQP4D1CVVYVTQ770THEF59Z0,2023-09-10,completed,credit card
98893322-6c2c-4043-80b9-0fab4f648dca,1TD4HH9DT66,18,01HQP4D4HKKPTE8PTFQETWW5A7,2023-12-20,cancelled,PayPal
990563bd-0a01-42f2-8a59-e8c2e3e91e99,6YN6MU7XN42,25,01HQP4D53AEZ373DTF7HQEQ8A1,2024-01-04,pending,credit card
99129497-1696-4454-9489-e69d6e5533fd,3N91GT6GH64,87,01HQP4D54F1FP8FYXKN349T6KG,2023-09-17,completed,Apple Pay
99251fdb-0128-42f3-91f8-f131defcc16b,9W52M81YM44,34,01HQP4D1C01PTR7191HA9P5S6B,2024-01-31,failed,Google Pay
99576ebd-a46f-4ec7-aae5-d75492992053,3MU3UX0CD24,38,01HQP4D7A7NHVZEW25GDVPJHYS,2023-04-21,failed,Apple Pay
99a1c3c1-9d14-48db-a624-b52ee0855c04,9WF1N45DR56,62,01HQP4D6KM454M1ASC2ZHYHG2X,2024-02-18,cancelled,Venmo
99eb0aa8-b0e4-4899-b994-7a59a89e232a,3XF7EK2MT27,9,01HQP4D59V5WSQ0CBCW5FQTAXN,2023-04-10,pending,debit card
99ed5a4b-205e-40fd-a84b-089ef63c0c38,5YH4Q69RQ72,41,01HQP4D4709BETY52JMDBQF3HP,2023-06-27,pending,debit card
99fe81e9-c604-4020-bf72-169556746a3c,5DR1M38YW11,17,01HQP4D5BBN3NGPYNKJ92GKPDN,2023-08-23,in progress,Venmo
9a0bf32e-02b6-4939-b7db-c102093bba2a,1NW1NY0PP73,72,01HQP4D2VP32P3WH92TQT40T4Y,2024-01-05,failed,Apple Pay
9a183ced-8bea-4a2a-9036-1cb9c1204b82,8RE1K18JD08,8,01HQP4D6G89VRB9JW4W2ZE1K0T,2023-09-22,cancelled,Venmo
9a3ebaab-484a-420f-8b7e-425775bc13bc,8F21FW6HR22,87,01HQP4D2W4ASKT45D3ASGG4B4N,2023-08-05,in progress,debit card
9a67ecc4-323f-4723-847e-e9c3228482da,2JE4H34WT54,28,01HQP4D2VMM100ERKDQ0GS7G0X,2023-04-15,failed,PayPal
9a97f521-f1e6-45c7-9dc1-2700cbcd996c,8CU1RU6NP44,37,01HQP4D6PF2Q2V7C9HCXEHXGV7,2023-05-12,failed,Apple Pay
9acf9bf9-9a80-40c6-97ec-8a22dd450c4a,9EW2W90DW49,30,01HQP4D6M6DJY0N0FK8DN55SY2,2024-01-22,failed,PayPal
9b20041e-5876-4339-95dc-49d539ade822,2CP1RC9KY88,65,01HQP4D03HXWTXKBCC06S6VWRB,2023-06-24,in progress,PayPal
9b990dda-d23d-43bb-8963-44bd5eedcfec,8FX4N95KR37,19,01HQP4D2TJ2QRVTJPQE30F821C,2023-12-20,failed,credit card
9c08c616-d190-45a7-9d52-fafbbd0cb52c,4NV2ND4QK96,67,01HQP4D5A94QWDV58YBY2C66VB,2023-04-24,cancelled,Google Pay
9d23446f-832b-4f33-b26d-988bea64adc3,5H50PH9ER98,84,01HQP4D507VJM0BBS21WNH8CWP,2023-04-10,failed,credit card
9da3977b-4d19-4f4c-aabd-25ef59a82a62,5RP2HA7XD88,86,01HQP4D02KD8FQ2RK3DZVVYTV6,2023-07-30,failed,debit card
9dbca77a-3c26-4c99-ac1c-0d56a4e7c6d8,2RC7Y26TM64,72,01HQP4D1B9M1X8YQ1MFP6WCN0J,2023-11-28,in progress,Google Pay
9e32ba80-b7db-4bae-9bd8-ddd7215af845,6JN2HM8YH08,98,01HQP4D51NB5A44BPCS6Q0JCKM,2023-11-18,completed,Apple Pay
9e4c0809-084c-494f-86a0-960baf6f10ee,8G96T71GV96,66,01HQP4D50DVCBZTDDK6VKETCDG,2024-02-20,completed,PayPal
9f0c651c-585b-4e5e-a894-3c645d07ecd9,5JY2TX8EV42,42,01HQP4D792GTC7SCF65QYSTQ4E,2023-05-13,failed,credit card
9fec3bef-7a0e-4310-873a-f4e1ff38f3bb,5Y57Q10JK69,33,01HQP4D79RCQFK9AK3EM5YBVGD,2023-10-17,completed,Venmo
a027fa1d-7208-4a22-814a-d99b712e6ac4,4DA2QM4VC71,71,01HQP4D2TEBVRBKV3W36JW8970,2023-08-10,failed,PayPal
a218c2cf-7b3f-4c01-beb6-b80fbcfc5703,9M53FT3UQ16,75,01HQP4D4SMRR63VNR39K9RQBF7,2023-08-30,in progress,PayPal
a22c61c5-c4a4-4331-aa56-162dd8a6cffb,3RF5N51PY30,16,01HQP4D34Y6W3HTEBCSDMN2BGP,2023-12-02,failed,debit card
a28e762a-e0a6-497f-b3b9-9c7cb8d8b342,9WD3W08JN83,8,01HQP4D6PYA2F0A1EZRM9CTFN8,2024-01-02,cancelled,PayPal
a2975688-77a9-4140-8aa3-b16dd805d0e3,1VT7UC7TQ29,70,01HQP4D54MX9HBVBV1GTGNVRS3,2023-12-26,cancelled,debit card
a2bde3b7-ab9e-4989-84bd-efa89bb3ebc6,2HM8QV5KF10,44,01HQP4D50MPKTFX2F1TWNF75VK,2023-11-03,failed,debit card
a301ecdf-309d-4a00-ad3b-121003d25d3d,4H53TK9DW63,85,01HQP4D4NMFB1JZ8TPG7DS2S11,2023-04-02,cancelled,PayPal
a30a0c91-23b7-480f-90bc-7a9ac9666715,4PF4M84CR49,5,01HQP4D6QDTH1N8S7NHYD1G2S7,2023-04-14,completed,PayPal
a320c3ac-2f29-457a-9e22-96baf26d1b94,9KY0Y40XF72,29,01HQP4D50P1KKK7JRN3YHKE0P2,2023-03-01,in progress,Venmo
a5224415-cbbd-45c9-b547-30575e9968ef,6U87Q47EJ87,27,01HQP4D50MZYVQ6ME00EM3E6VE,2023-08-26,pending,PayPal
a6b4c2bb-afdd-47fb-b6de-094a1e746a2b,3R39UV8HH22,94,01HQP4D4TAGSGNP9DD4CAEE6KP,2024-02-23,cancelled,debit card
a737f024-514c-42e0-8802-8d4f7d12d217,4CV3PF3AE33,34,01HQP4D6GC0SMN3P7WTA7ZYV51,2023-08-14,in progress,PayPal
a82bd2ed-681e-474e-b7f8-32c30e5d2058,8J67X90NG96,43,01HQP4D1D0ZMHFYANSSHBGTM38,2023-04-29,pending,PayPal
a8b48fbe-7262-4f87-9d51-630635723c81,9V81JJ4PG15,95,01HQP4D4NBPDCJZCRPKNDE5713,2023-04-13,completed,Google Pay
a8ef24bb-c6c9-451b-bfb6-da8c2fdc400e,3HC1UK5UQ23,1,01HQP4D4S77NBW0SBN4FRP51RH,2024-02-02,pending,Venmo
a9cad87d-3780-45dc-9482-a00e21c51b76,8WX9T98EC83,40,01HQP4D2VR91YDK4EYJRYD81YN,2023-09-19,in progress,credit card
a9f5b7b9-5bf7-4cb2-8426-690a613dd336,3N92UU3KG10,88,01HQP4D5AS2VKW51ZF00REHH7Z,2023-09-27,in progress,debit card
aa2eb9f3-308b-40ee-bf4c-beda60667419,9Y46P59HU11,58,01HQP4D2TY1JZT2RDSN0GC7XMM,2023-06-13,in progress,Apple Pay
aa501cca-93e9-451d-9a53-80b074f3bfcf,3UQ6JC1FJ55,51,01HQP4D5APNZYFP95MH9J9FZ3G,2023-11-21,failed,Venmo
ab8d11d3-0133-4c42-848d-73fd39f1a887,3V73F74WY71,67,01HQP4D4HHZNZXFAVV5T8J57E9,2024-02-21,failed,Apple Pay
ab9d0a4e-55a2-414a-afdc-794fecffad48,8DF2AN1QN30,10,01HQP4CZTFTG4F9BVRQ2PKTDWY,2023-12-17,pending,debit card
ac6cb891-b853-4d2b-a55d-9a061a7aeb1f,7QT1T38CQ83,71,01HQP4D5BZDQ70F7R1MDAPHC0R,2023-12-13,failed,PayPal
addda7a8-7ccd-4b9e-8e89-6a3de16f16ff,3MU3UX0CD24,59,01HQP4CZT34M8A42CQY33KHS23,2023-03-22,failed,debit card
ae42722e-c55d-4820-b5bf-d9bef7035dab,3NV4JV4FN23,4,01HQP4D6KCVMTK079T42ARQEW4,2024-02-03,in progress,PayPal
ae55a155-a0c9-45d1-b38f-7b93b7b0c5e1,6D73C39JV27,13,01HQP4D50X4YVYN2NPWPBZT43B,2024-01-21,completed,Apple Pay
ae5c50fa-3c4c-44ba-ac96-ad6d34c4d3e7,1JC5W24PJ52,56,01HQP4D40EBTTZYRQRRWC4SFFB,2023-07-07,in progress,Venmo
aea7ed72-0ac1-4eb7-9f53-2a3b3004e403,8KM5P47NP49,84,01HQP4D6M6DJY0N0FK8DN55SY2,2023-09-20,cancelled,PayPal
aed05b1e-1c1a-491f-879b-98d26d364e97,6JV7M99CK28,17,01HQP4D5BV1M902CXNZ1HZHSP8,2023-07-26,failed,PayPal
afcbc0ae-f729-45b6-94d1-684f2641996b,5NY9RN5MP43,98,01HQP4D2TJ2QRVTJPQE30F821C,2023-03-25,completed,debit card
b10c3ce4-8831-4a0c-9a6b-e98696fd625f,2CE0C12CN61,59,01HQP4D4VZM5840N01SRATT8Q1,2023-06-10,pending,Venmo
b281be74-8360-4b50-9e07-d341ec0aee53,3PQ4YQ9XV54,14,01HQP4D4MWPEZXZN1NSQERHH18,2024-01-06,pending,credit card
b2ecabc6-0010-4595-97f1-71b76b52436b,6N29QJ2JV21,99,01HQP4CZRQM3906AZYNEJDQ6WA,2023-08-02,pending,debit card
b30a4692-4dc6-41f4-a4aa-c08f5698b38f,9WW8JK6QF24,11,01HQP4D32ZY3JD845ANWS440D4,2023-03-25,in progress,PayPal
b3298ac0-4c48-4c2d-b5dd-c022233fb5d7,3QF3FJ5EU94,40,01HQP4D5ADG024W0B01ZJKGDWA,2023-05-08,failed,debit card
b3e3e1f5-f2ce-4156-9113-ea2978bb6ce6,3NE1RT0HK79,41,01HQP4D6PHYV1NQ1XVZE9NSMSE,2023-03-13,pending,debit card
b3f12397-e783-4fc7-a35f-c6aaf9ea8679,5N28QX7XE19,44,01HQP4D4W7MJ82GGE9T859HX1S,2023-10-02,in progress,Venmo
b428b469-f18d-4ade-80f5-0edf7328bb57,3HC3EC7NF29,41,01HQP4D486RZVY7XB4DDHB74BP,2024-01-24,in progress,PayPal
b45ba3c5-f2de-422c-afdf-b37a2e441e5c,4ND6W41QW92,31,01HQP4D59G42V758BMGVQJDBTE,2023-04-28,failed,debit card
b48b2d6f-9360-4731-9278-69d65923c47d,8XU8GG1EX46,79,01HQP4D4TAGSGNP9DD4CAEE6KP,2023-05-03,cancelled,credit card
b51af595-7403-4feb-abe2-2afe1b4e3782,9P79Y02NY30,7,01HQP4D32B5QBCF6DWS74SQ93K,2023-10-19,in progress,Apple Pay
b58a4d9e-cfb3-44c6-bfca-39dc45592688,2E76FW6YE98,95,01HQP4D356C7GEGRWMGRB272KF,2023-12-29,pending,PayPal
b5fa48a4-7b59-48e5-aa01-bdafbcb4e369,5V18C87EX96,97,01HQP4D351VTSNMHXMR0Y9X45X,2023-11-15,pending,Apple Pay
b6529c0c-9458-4248-9bc3-0e140c46c87e,3UQ6JC1FJ55,88,01HQP4CZS6TAB42VFCJJSEYVA9,2023-06-01,in progress,Venmo
b737d891-0688-4753-9930-9a4ef7e851a6,7Y65DK1DT83,82,01HQP4CZSP222FPEQ23GTSQ51T,2023-06-11,in progress,Google Pay
b73f81df-e534-47c0-ada0-e15525818bb7,6JK4PD2RN57,21,01HQP4D2TEBVRBKV3W36JW8970,2023-05-26,failed,Apple Pay
b823f3fb-0bc9-448e-acb6-9ebc1f2949bc,5XE2CF3NM24,48,01HQP4D6FCKXJHEP749D1GRP2M,2023-07-15,completed,credit card
b83fd048-80da-426e-89c7-cc5d77735b5d,5RP2HA7XD88,69,01HQP4D4ME57GNXNN4QM0RG1FC,2023-10-04,pending,credit card
b8fa9a06-cab0-42f1-b9ac-387713d98c29,8V40U12UK39,51,01HQP4D79ARNP1W1QR0TD9TZB5,2023-03-27,failed,Apple Pay
b92e1be2-2bcb-4337-94dc-543a3e093836,3N02HW9JT20,24,01HQP4D1CBV4FC7XMQ86VSWBZ4,2023-05-12,pending,Google Pay
b96d86c4-97ea-40b3-a939-56074a51dd5a,9J72C51NG07,77,01HQP4D50P1KKK7JRN3YHKE0P2,2023-03-11,completed,Google Pay
ba566260-91f0-4a22-9b3a-0b917551e199,5J29RW9EP00,81,01HQP4D34RKAV4GDSA9N6E7Y2X,2023-12-03,failed,credit card
bac04b5c-d27e-435a-b94c-c227a920061d,4H53TK9DW63,90,01HQP4D2TW6K75NCE477A9N86G,2023-10-14,pending,PayPal
bb8d0446-9921-4c55-86ca-f5a92611dc71,4MF3GY4HF03,99,01HQP4D4M4BS462897896GE1TX,2023-05-17,in progress,PayPal
bc5aec34-ec78-486b-9c2a-23641083fe1c,3E62CP6XT50,28,01HQP4D4NRDW1PXB9ECGZG0DVD,2023-11-20,in progress,PayPal
bc5eb9e5-339f-41fb-ad49-1f93e16329e1,6AX3VG7UD97,50,01HQP4D48HPEF24AA6QEWZFD9P,2023-06-25,in progress,PayPal
bc6ea103-e58e-4f1a-80c6-225bbd85b701,8WX9T98EC83,90,01HQP4D50P1KKK7JRN3YHKE0P2,2023-05-11,pending,Google Pay
bc702672-9957-468c-8ab7-b811fac6c38e,3HC1UK5UQ23,72,01HQP4D5AAKXT764F6G1F7NKSW,2024-02-22,in progress,Google Pay
bd0ff002-3538-4c7d-999f-c4de217ab413,9FA8FD2RQ68,6,01HQP4CZSP222FPEQ23GTSQ51T,2023-09-04,in progress,Venmo
bdb1b20d-4015-4099-8078-849ddfd293ba,2V33U42HF67,86,01HQP4D2TEBVRBKV3W36JW8970,2024-01-05,pending,Venmo
bdb205ae-48bc-42a2-b763-d011a6ca6423,7CM6DA8KX99,15,01HQP4D5C5FE93K9PMJKD538R5,2024-02-08,pending,debit card
bee235af-69d1-4b45-ab50-38fb793aaaea,2YJ3YN2DP45,34,01HQP4D59SV74AKEW69M6MAY9T,2023-11-05,cancelled,debit card
bf6d3ec3-1438-4cc6-af18-b46541179a94,9XP9JR9XM70,80,01HQP4D4WWC28BH5WV1J69VGT8,2023-09-21,in progress,Venmo
bfa8914a-77ff-42e2-80ba-f63827ea85cc,1KW3YF4EC69,57,01HQP4D351VTSNMHXMR0Y9X45X,2023-09-25,completed,debit card
c025f12a-38a9-4df9-9311-bcf303d131d0,3HC3EC7NF29,42,01HQP4D32Q1QGMJHQBRNAS3382,2024-02-19,in progress,Apple Pay
c061c5c6-c26c-4bfb-960a-fae375154018,7E76VV3JA79,65,01HQP4D59V5WSQ0CBCW5FQTAXN,2024-01-29,completed,Apple Pay
c0b61d3a-319b-4ba6-85e2-b161a002f224,4JY1FV4MH33,84,01HQP4D6Q6B2MT1KEZV1SN7MJM,2023-08-16,failed,PayPal
c17c68ce-26d7-43ef-9900-b2733aa876a1,3F69E32TG10,4,01HQP4D4947EJ8QFEWDXAAVHF2,2023-05-06,in progress,Apple Pay
c1a19f3b-efa0-478d-af21-bc1b3fa8d763,3XF7EK2MT27,32,01HQP4D6QAR0FJ1J773NFRK3TC,2023-11-07,in progress,Apple Pay
c1b44847-6779-4db5-bc9f-b956369d5a5e,9E41W74VR45,53,01HQP4D59MPXE11H1K0E9GXYDN,2023-10-17,pending,Google Pay
c1babe5c-4a2d-4571-b709-dc6d9ce2ba69,3RP5J00EF93,44,01HQP4D3Z2VM64A7KH8K6X17W0,2023-08-13,completed,credit card
c205516f-ba34-4313-8b59-f01d63b84533,9PH6HJ5YF42,88,01HQP4D32EG59TZMETXMFV8Z9J,2023-08-19,cancelled,Apple Pay
c24b1b04-8f5a-4d05-b418-5d5ad26f7e1b,4FX4GD7UA53,61,01HQP4D791TPC18S6BK5F1P1BW,2023-03-04,in progress,credit card
c250f151-4b9d-42da-b3c5-3263d9264570,2PX5HE8RV32,62,01HQP4D51851DHW22Y9GJFKCYD,2023-03-31,cancelled,Google Pay
c284bdae-1ef3-4d11-bafd-c0da9445a0fb,1WU2X43WQ02,73,01HQP4D32FZ0Z3BCFN748MKM8A,2023-12-01,failed,Apple Pay
c28db19a-1f6a-46d4-bb3a-34209ee5644a,7W49Q79AH15,27,01HQP4D35HCVSN92X24BANH67W,2023-07-04,in progress,PayPal
c29cf1d9-8cf7-48c0-860d-0061a5d724d8,1P68F92ED83,29,01HQP4D4T57VDC9H171CZCNPQ0,2023-08-18,in progress,PayPal
c2afbc96-01d7-455e-abbf-298508f036f5,1Y86YY9GV56,85,01HQP4D54DPQVEMSXBGQQ73XFR,2024-02-22,completed,debit card
c30165c5-6158-475d-88a1-698a5df49365,6UE1YE8CY27,95,01HQP4D5106VVKP4HG2DGX9FWF,2023-06-08,in progress,Apple Pay
c3c7dbe5-9a7f-442d-a0d1-b2f659b60ea7,4WT0JA1JN41,16,01HQP4D4N8Z7G3QNS18HAK9MJP,2023-09-14,completed,Apple Pay
c3dde098-0445-4ae5-9724-b3e758673f4a,2AQ4PT4MY64,48,01HQP4D4709BETY52JMDBQF3HP,2024-02-25,in progress,Google Pay
c41ce279-3dfc-44c7-a440-4f7cfd8f19c8,2UJ2AM7MQ80,33,01HQP4D4HBCDMG7ZF5D5FPAFD1,2023-11-18,pending,PayPal
c41f9f28-e016-4083-826c-ed5cc378988e,2PX5HE8RV32,28,01HQP4D4NP48QTBHG3J311TMC2,2023-12-09,failed,debit card
c47c0d59-2d21-427b-96e8-78b2a74fe5da,1WX2GQ3PV37,36,01HQP4D798WSB8VNPPPHYSPHYY,2024-02-11,failed,debit card
c495f30b-38bd-4266-915c-01a4db65ea94,1VP3X75GX09,36,01HQP4D6DEYRDT0ZJYCM2V5Z2Z,2024-01-14,failed,credit card
c5ab5693-e596-4bee-9965-d6cc99ce72f4,5Y48F97CT45,94,01HQP4D6GE7Q8Z98BEXSFA9FSE,2024-01-29,pending,PayPal
c5f43655-1256-4d84-a4e3-3b74ee87ab57,4R40D92HK27,84,01HQP4D6P5WBMB22JXPW1FXS80,2023-08-06,failed,Apple Pay
c61358b2-f706-4b5c-ab46-f1b8d443fec3,7D27VR1JU52,48,01HQP4D4SMRR63VNR39K9RQBF7,2023-12-30,in progress,debit card
c67fdfed-3d5f-44af-94d8-3fe7c62ebd09,2YF8RW6WM92,42,01HQP4D4RZ9VAZ786VAGZ60JT5,2024-02-05,completed,PayPal
c6a6bdd3-26d5-41f1-abed-6550415df61d,9GC1HC8TF44,43,01HQP4D50P1KKK7JRN3YHKE0P2,2023-08-28,failed,Venmo
c6d42617-7722-413d-a4df-38167339ba3b,7J20TT6QQ76,53,01HQP4D6G4CZ2Z5B0R1WEPRX7T,2023-07-07,completed,Google Pay
c78b18b1-7020-46e5-9565-2328a58bd88f,3PQ4YQ9XV54,89,01HQP4D3YV46Z93PZWBVQZNVYD,2023-08-26,failed,debit card
c7a842dd-a9a0-4412-b684-3b960470d1c3,8Y18HN2FX67,21,01HQP4D4GC9Z4HMMKBQC3KRK24,2023-11-25,failed,Apple Pay
c7b71d74-e507-41db-92f7-5b7ec6376c34,8FY4T40XE77,78,01HQP4D502C9CJ3MA0Y1VV4DJ5,2024-01-30,pending,Apple Pay
c7c7e3ee-bb61-4924-bf15-82ca919af1a7,6YF7QC5VE05,94,01HQP4D50SWKJKGEFDN2R2DFCK,2024-02-12,failed,Venmo
c7edde2c-1172-4aff-bcbc-ec59c09e210f,8F21FW6HR22,93,01HQP4D4M4BS462897896GE1TX,2023-05-11,pending,Apple Pay
c856f620-c19a-48e9-8dc0-ed92e51d6d27,9K98ER7CT67,30,01HQP4D32PBAYJ644BK6TN6FAZ,2023-07-06,pending,PayPal
c93a2241-ed13-451f-a779-37595ebf5943,1D22FP6FQ23,7,01HQP4CZSEMT27PCR885R67G5E,2023-04-06,in progress,debit card
c97fd055-02ef-474d-a5d5-804ebe79f74d,4CV3PF3AE33,44,01HQP4D02MXNHYB7D2X4QVVGQB,2023-07-06,cancelled,credit card
ca005e65-dae7-41be-b5de-fae29ff0cf0d,3GV7G81TW32,50,01HQP4D48XWWENVPASC5GP7WK3,2023-03-21,cancelled,Venmo
cadcfb4d-962e-4b3a-8e4b-87de35731c85,4MF3GY4HF03,72,01HQP4D509TSWMP49TTBJ56KZD,2023-07-13,in progress,Google Pay
cbaa5d36-879f-480d-82f9-bfd6e2721d05,7DW4G31GN88,24,01HQP4D478TA6HZGGGVHZR7950,2024-01-04,pending,Google Pay
cc6a3e55-f0a1-47b2-8271-0f5de6eb9d4d,8K16YR8YR84,41,01HQP4D50G5C7ZJWTP5BXRNTTY,2023-08-07,pending,PayPal
cc960840-4372-4ea7-8718-ae25b3c292e7,8NE7U26UQ11,24,01HQP4D50MPKTFX2F1TWNF75VK,2024-01-31,cancelled,PayPal
ccc2df6f-519a-49fe-9400-af00c50adba0,8N99CC0TJ53,10,01HQP4D50Y527WKGT8R844JFNE,2024-01-13,cancelled,Apple Pay
cd043614-802e-4a07-9afd-1bc2fe95ec6a,3KK7C45QD90,25,01HQP4D2W3CVBXXZ9ZC6J1HPQA,2023-12-21,cancelled,PayPal
cd0544a9-0374-472f-9c12-82946222e470,9JF1GA2NT90,66,01HQP4D6G5A1NX4A9Q3YF0C7T7,2023-08-04,failed,credit card
ce1d1454-6ddb-4856-84a8-d4e85c2a5025,8M06AA7FW06,17,01HQP4D32PBAYJ644BK6TN6FAZ,2023-06-17,failed,debit card
ce4ad189-0674-45e9-9b6e-5cbaa0f1418a,8NE5X18FU50,72,01HQP4D59XVYDQ70EJ0VWVVRAW,2023-12-01,completed,PayPal
ce80282e-ed92-47bd-a1e8-17b59ecfe05e,4CF9AF4XA40,68,01HQP4D32PBAYJ644BK6TN6FAZ,2023-05-23,cancelled,PayPal
cf5535d4-7bef-4322-adaf-15e7f9dc1d2b,2K54YF3QA01,84,01HQP4D6PPBEXTSZPKWH64AYTT,2023-05-16,in progress,PayPal
cf9e74e7-707a-4cb2-add6-9396313c29bc,3KV3WC0CU51,85,01HQP4D2TJ2QRVTJPQE30F821C,2023-08-07,completed,Venmo
cfa3799c-820f-40d7-ba72-dc97b193f887,8YK2FC0CD91,26,01HQP4D4WG8FYV5YRKJW244DD5,2023-11-28,completed,PayPal
d005bc9b-65d6-47a5-80a6-d4a8eeb2eb33,8A98K50UJ06,15,01HQP4CZSK1CGWZQRE5C2KJS7F,2023-11-01,in progress,Venmo
d0124a10-55e1-443a-b461-a075eae91863,7H59YW3UQ28,17,01HQP4CZRNK96Z7JETA3GYEC14,2023-10-30,cancelled,credit card
d0ebcd20-7d53-45cb-ad1d-2f1c137dba57,4MF3GY4HF03,18,01HQP4D4W5NBZTKMEYGET2JK6K,2023-10-28,completed,credit card
d14898d1-2fa7-4a66-9ad6-6f89f701babd,2Q58KN3WF43,95,01HQP4D32ZY3JD845ANWS440D4,2023-03-09,completed,credit card
d1790dc2-820a-4e2e-bd7b-154b8478952f,9A25G34VY97,20,01HQP4D4SJTAE97PSM163B3NAW,2023-09-23,cancelled,PayPal
d189bf2f-066a-4908-a7a7-a2627c71a475,7QT1T38CQ83,69,01HQP4D6K8C8QB3BF9EG5T834W,2023-06-20,completed,Venmo
d1902bce-771f-4c29-86fb-f43560a26b08,5R78WD1WH65,92,01HQP4D5C6MRRXB3V77YZR1DM1,2023-05-22,cancelled,Venmo
d19a0905-a23e-443a-9962-a07efd0b780f,7Y38DV2DD37,36,01HQP4D6PK41GC568FNYH0HD7H,2023-11-20,pending,debit card
d1b8acf5-ecff-4acf-8a06-6b782e309dda,1CJ9UV8VF00,10,01HQP4D2TGNHS6GGJ9SWN2YKAN,2023-12-15,cancelled,Venmo
d2234d78-102b-45eb-8a51-017c2dd34363,2P94D65RP31,90,01HQP4D491T0HS57YH9X8320YF,2023-05-19,failed,debit card
d2301678-f319-4430-abe8-7e3d4c7909c2,4HN5UT6ER08,57,01HQP4D6JF6C0KA90XZC1NKHVK,2023-09-14,completed,Google Pay
d271ebf6-6626-4d76-899c-dbad889ac402,1QV1FJ6KQ49,70,01HQP4D6G89VRB9JW4W2ZE1K0T,2023-10-29,failed,Venmo
d2911951-1be8-4e3d-9115-536f9960f334,8VX3U15WG21,87,01HQP4D4H29Z6TYATCN9XQDTKJ,2024-01-19,in progress,Venmo
d2c7f3a1-222d-4589-8d0f-c6913ff7294f,5K37U95WP77,45,01HQP4D34PYQCNK67K7G8KNWJC,2023-12-06,pending,debit card
d35cf840-2485-4d1e-a35e-a9b2cf904553,9C71A69AA07,78,01HQP4D033DETE5CABSM4TXKQ4,2023-07-13,cancelled,credit card
d3f557e3-0a6d-4fac-ae69-f8f1803880fb,6UE1YE8CY27,12,01HQP4D4RS8548KC13M6ET1SXK,2023-04-28,cancelled,Google Pay
d4428375-d329-4f8b-b29a-c05f38695b05,9YW3WM0YQ23,90,01HQP4D6F3GARG3KX245M4PPQV,2023-09-07,completed,Apple Pay
d52769f8-c9e0-4ad4-a2b6-b2e4e5d1e694,8G91U37YX34,97,01HQP4D4N1Q2PAPXNDJ6VXBTAJ,2024-01-14,failed,Apple Pay
d5b57fec-e51e-4934-90f5-4ad699fa45b6,3CW4TY1MG99,99,01HQP4D6GJ4TC98G6ZQYSDF3S2,2023-08-12,completed,Google Pay
d5bb0be5-40c3-4416-9922-b4c93a93f465,3GJ4V29TU28,8,01HQP4D4T72D93SP2CWMS108TW,2023-03-25,pending,Apple Pay
d5f10200-9658-4cc1-96aa-da7e4691598d,1JC7FK2FH11,36,01HQP4D79PWPXRJNFASHJCWKQZ,2023-07-25,failed,Google Pay
d5fc3231-9df2-4d96-b127-824e82c7b680,9YT2TY0MJ74,18,01HQP4D6JY5DEM2G87HPVTPTT1,2024-01-19,failed,PayPal
d60425cc-296d-47a5-869c-59041533f5a7,2HE6WM1UJ12,76,01HQP4CZR3WRKYRDP3Z3XWSG42,2023-04-09,in progress,debit card
d6d1c0ab-ff58-4568-98ac-10bf5b3a2d97,3GF0QP5XQ14,21,01HQP4D6FJEMVGS7WS8YWE6C54,2023-08-15,cancelled,PayPal
d6eee2ff-d4c5-47fa-b3ca-379ed394a954,6FH4QC2XJ70,49,01HQP4D4W0Q1WP9Y4KCNNTFKBP,2023-06-08,failed,Apple Pay
d7898d60-a393-4528-9dde-77a07065b49e,8G87P25KF45,20,01HQP4D1CY3QB1R4616K2AZKGY,2024-01-23,pending,Google Pay
d862d5ca-aefa-41ef-9e30-8399d59ad855,4W28GN6RM58,18,01HQP4D50MPKTFX2F1TWNF75VK,2024-01-08,cancelled,Google Pay
d9e9fd52-5e1c-4d6a-a63f-d5c45574d2fa,4JC6XJ5PV68,8,01HQP4D2VR91YDK4EYJRYD81YN,2023-11-15,pending,PayPal
d9f01bc0-cc27-4dcd-8f5e-f5bd111778a6,5C94G00NV64,6,01HQP4D6GG30SGNVY3MQV665YE,2023-03-16,completed,credit card
dac5cd3c-4b6b-492e-b7d0-75deb8e03779,9RJ2QK3DE37,12,01HQP4D1C72DXR6YYEW50ENRR2,2023-10-13,failed,debit card
dac6d82c-3051-468e-85fd-25e44ad8d7f0,4Y66UU2MJ72,23,01HQP4D6JY5DEM2G87HPVTPTT1,2023-03-02,cancelled,Venmo
db057e43-5bec-49ed-9d4d-0f37110157fa,1K69WR7QD83,83,01HQP4D5C1Q5ZN82ZNG61HJ70R,2023-08-11,completed,Google Pay
db3ad521-cb0e-4a32-b918-8b6219bbfa98,1YY5Q64KM49,47,01HQP4D4NRDW1PXB9ECGZG0DVD,2023-08-15,completed,Apple Pay
db71abc1-4eb6-487b-b242-d53b2fe8063d,8TH8GX4QA76,50,01HQP4D4W7MJ82GGE9T859HX1S,2023-06-10,cancelled,Venmo
db99ac7f-fedc-49fe-8015-2cc9ff9680fc,6MG9MC2NG59,7,01HQP4D79H6FYF1FJBR8NKJBAC,2024-01-02,completed,credit card
dbd1cf86-5f50-42b6-89f2-aebbeca0ea67,4R43U78JR02,86,01HQP4D6QKRR046CBBFNFZA5NR,2023-03-14,failed,Google Pay
dc09d360-16b5-4f43-8bbc-27817770e778,6W13GD4YT62,77,01HQP4D50NK7FX94PHGVXNXHDM,2023-05-07,in progress,Venmo
dd36d295-60cb-4556-8b0d-e04c2fa73c06,3GV7G81TW32,67,01HQP4CZSP222FPEQ23GTSQ51T,2023-04-26,in progress,Google Pay
dd5122d1-e328-40f3-9d35-5e4b2829bcf6,1AW7Y88EH18,49,01HQP4D332575H31JMAXBTPE68,2024-02-05,pending,debit card
dd659162-85b3-4925-9f4f-1e8f6a3a8df4,2MW8UT1KR97,15,01HQP4D53Z2YVHDAZTFJD0438T,2023-07-30,pending,credit card
ddf64227-d009-435c-849f-12e363febbe3,5E02M85JK19,48,01HQP4D47BSMFF80AHBJEQD8WG,2024-02-17,pending,PayPal
df26227c-86f6-4706-8362-20db442fb8a5,4FJ8X96PE09,32,01HQP4CZQWW89SX964NKJ28E8F,2023-11-01,failed,Google Pay
dfcb7cf1-547b-409c-9691-51cff6feb15a,6NJ9KW1AG66,100,01HQP4D4NF8C9Y92K5AF672ME7,2023-12-06,pending,Google Pay
e0985bff-af4e-4b0e-b5f2-c59a27b918c8,3D26PE2RA32,93,01HQP4D4S35370YXJ2RDS976XH,2023-04-27,pending,PayPal
e0c9b8e0-ad6f-413e-b880-a53456b3f8ba,4DH3X44RG60,51,01HQP4D6FMJNXQY9RDQ422XQ92,2023-04-01,failed,credit card
e119b381-c8f8-470e-8766-46a2354ebaf6,2K90F96PU95,4,01HQP4D40177G35BVC4J35BECE,2023-03-27,in progress,credit card
e11f1f58-7ded-4d57-b2ec-677fde0f716a,6DP7HG3CQ11,7,01HQP4CZRTG3C2Q7YT1XF4FB24,2023-04-14,in progress,credit card
e12d5e67-9a6b-421d-86b7-5392d682853e,2DR2EG5UW48,73,01HQP4D4WJA58B23DAWVK53JC8,2023-03-06,pending,Google Pay
e1515de9-3d38-4779-90a7-94cd3a89a891,6QN4GQ6KE56,80,01HQP4D02ZYRG41QPVRGJQFE1M,2024-01-15,in progress,credit card
e15d00e5-dac2-4d38-bf77-b1d240341662,8TN4MR0MG12,21,01HQP4D54F1FP8FYXKN349T6KG,2023-07-05,cancelled,Apple Pay
e296edff-2332-4891-b45d-5551508692dc,6JF7KC0ME02,68,01HQP4D7A06T5V0CVJDKRT5KV8,2023-03-18,in progress,credit card
e34cc296-0ce3-4029-8952-a85c53194e62,1DC6MQ6EE31,50,01HQP4D4WSKM7HRK76MS8QETW0,2023-07-21,in progress,debit card
e3b8f31a-fd1e-4f3b-9ca3-a1b064a2c2c3,2KY4N56FK00,63,01HQP4D4HKKPTE8PTFQETWW5A7,2024-02-24,failed,credit card
e49b89a4-00ab-4c8a-b09c-ff78625717eb,8N99CC0TJ53,98,01HQP4D4SZBQ3NC59TMMKYHWJD,2023-10-28,completed,credit card
e4aeb305-bc08-44ed-9321-e7809788f924,8JM4FP4MX45,72,01HQP4D6JF6C0KA90XZC1NKHVK,2023-07-02,failed,credit card
e4b090a0-79fe-4889-b20a-ac9e033d7222,5MM5E06PE56,64,01HQP4D79DCYY3RMMTTE26S1QR,2023-05-04,in progress,debit card
e598f586-438b-49e1-a742-52c83b319007,9NT8MY7YJ09,81,01HQP4CZRS75B4X3F0N7VTQKPT,2023-10-30,completed,debit card
e5a28fbb-9fb9-4e01-b551-3edca8007108,5HC2NX5MK84,31,01HQP4D32Q1QGMJHQBRNAS3382,2023-06-26,in progress,credit card
e5f855e2-7cff-4833-a61e-d5dc23cf4752,8A85C75WK92,76,01HQP4D48XWWENVPASC5GP7WK3,2023-12-24,pending,PayPal
e6504485-4c38-47b7-a21a-b4419d5aef76,6DH0CR6YT43,59,01HQP4D6KPQV8N13B9NX37PZ7V,2024-01-25,cancelled,PayPal
e6617c72-e5da-4f39-9b73-4ba4086969c2,5Y55K16WV99,70,01HQP4D6EY8KQN0752H4ECNKNP,2023-07-03,failed,Google Pay
e7275da5-6165-40cf-92f4-2026a228c3c8,8DN2TX0MM40,61,01HQP4D02TEY4WY0BNGQN739T3,2023-04-02,failed,debit card
e742c35e-972f-4aee-b434-54161a311721,3UP4W84HA40,31,01HQP4D4GFQ1XV0P02QPENBGYG,2023-03-17,in progress,Google Pay
e7a04533-ea32-4b19-849d-0db6849300a8,8PM1YG5AT44,91,01HQP4D478TA6HZGGGVHZR7950,2023-09-21,cancelled,debit card
e7a2f9a9-25e9-484c-9269-1d290e1ed634,8G35TA9RY08,32,01HQP4D51KNRW9VE3R05J0WYRJ,2023-09-16,in progress,credit card
e7c4251d-0257-40c2-9f56-32ab7ed5e78e,4CF9AF4XA40,79,01HQP4D6MNYY20GXV58A6D6GJW,2024-02-19,pending,debit card
e7e358b0-e359-424f-bef2-583c59a38489,6JN2HM8YH08,71,01HQP4D6FJEMVGS7WS8YWE6C54,2023-10-21,failed,Apple Pay
e827e388-51a4-425d-a154-38dbb954d082,7D19XV1TU69,96,01HQP4D79GMACY6B091Y86JFQ8,2023-11-20,pending,Google Pay
e875bf60-4e73-4d1b-83aa-b08f31d28010,8C58TU5PE76,75,01HQP4D53PGSEARGGQK2RQKNCZ,2023-04-01,completed,Apple Pay
e87d0aa0-28de-48b8-85ce-48c411b1844b,4DA6GQ9DN85,37,01HQP4D359C5S0WB10YRYQSCJD,2024-01-31,in progress,credit card
e8c2e8d8-b7d4-49de-ba46-c37ac2360129,8YX4VY7CV78,31,01HQP4D4GS7DPAA6FYRDB595G1,2023-11-08,in progress,Venmo
e8ef194f-21aa-44ad-b441-6a9796ba5fb2,4A09WC9YA68,100,01HQP4D5BJ4SFJXZ0TAEJJ2VN2,2023-08-03,in progress,Google Pay
e91cc107-657f-47d4-9ea0-806e33fa5c11,8G96T71GV96,65,01HQP4D6DDD2NN7RS5DCFS4397,2024-01-04,pending,credit card
e93c466b-9159-4d75-b6a1-e6f33d4ffebd,8E10H36WY40,73,01HQP4D5BBN3NGPYNKJ92GKPDN,2023-08-06,pending,credit card
e9424f3e-32a7-4874-8625-c95b95326f99,2D38JA4DJ58,50,01HQP4D6M5N0XP4R9NZZJAF5R5,2023-09-25,completed,Google Pay
e9575426-84fb-4dbe-83a3-edc889cc799f,8D61EW8VJ60,6,01HQP4D6FJEMVGS7WS8YWE6C54,2023-05-07,cancelled,debit card
e9fb9b03-4829-4aeb-a18f-a6b9497fbbf6,4QU5NY0KF75,82,01HQP4D5106VVKP4HG2DGX9FWF,2023-10-24,completed,credit card
ea77a4a9-f974-4fb6-821c-63d06e42d0a8,8DV4JJ5MJ82,54,01HQP4D5B790HX5YT74RTVVCAD,2024-02-23,cancelled,debit card
eab60874-7ad3-4c65-ba98-4d0c5d606866,6NC4AV4RC77,39,01HQP4D3ZB6W8PZM6DDRNBMMJF,2023-03-27,in progress,credit card
ebf7d2a2-c886-4c6a-89ab-fdba053d65ce,7X14T42UN47,80,01HQP4D6EBMA6FEY5RZW3CKBD7,2023-03-21,completed,PayPal
ec4d8be6-94ee-429d-ae24-cd7730e512a0,9ER6Q43MT36,48,01HQP4D78TZCX81X42WB78345R,2023-08-02,in progress,Google Pay
ec554b87-1d28-423e-8dd2-e6ce30c26258,8E73MD6KU24,99,01HQP4D592KSP10HK1VB4WCSZP,2023-11-11,completed,Google Pay
ec9da623-1807-491b-a0e4-21be90c6cd8e,5JU5TJ3CT75,41,01HQP4D54VYC92C0STGV3G0QTP,2023-12-12,completed,debit card
ecf3b076-8ffe-45fe-afb0-466025eb6655,2JJ3X65CP47,31,01HQP4CZT34M8A42CQY33KHS23,2023-03-14,failed,credit card
ed20ebb6-4448-4c0d-8d10-6334945cf893,7TK9HX8JK43,80,01HQP4D34Y6W3HTEBCSDMN2BGP,2023-11-12,cancelled,debit card
ed9f3886-2996-4e29-a178-16e19cd00bf3,2CP1RC9KY88,70,01HQP4D47XDWSFAHPX6DSFPJXX,2023-07-21,pending,Google Pay
ee36d77f-8d49-4615-bdcb-edc090c27a20,6U92YW7WT02,95,01HQP4D3ZZ8CGVZG8XKABW711C,2023-09-30,pending,Venmo
ef9ad9ef-233b-4785-b2e0-af61ccc660b6,5J15H38WH46,29,01HQP4D53MKKN9H2FM2RC6CZ5E,2023-03-18,in progress,PayPal
f0329fb7-5427-4bc4-bb1b-a0a88ac8f2ce,8KF3W63XT06,16,01HQP4D40FG2ZAAW8E4DE8DF95,2023-10-15,pending,Google Pay
f04bdd09-5461-4535-9213-1d320d47c213,8DJ2RX7WT05,52,01HQP4D34PYQCNK67K7G8KNWJC,2024-01-11,completed,Apple Pay
f0c5a39c-41e5-42ae-981d-83c5bd4f149b,2W38N89QH13,34,01HQP4D5504BH6SBMYKSRJDJMH,2023-08-25,pending,PayPal
f104bf61-f61f-4bd8-8976-6f473b9fbbfc,8E78QJ1EX29,89,01HQP4D78TZCX81X42WB78345R,2023-09-07,in progress,debit card
f14e60a9-4c32-4cf5-a95c-07566454c39d,9PH6HJ5YF42,2,01HQP4D6Q2668QNQZEHKB4YVW8,2023-08-11,completed,PayPal
f1a1044d-9f84-4d29-b9a7-50f3a5f383db,2YF8RW6WM92,70,01HQP4D5CB7TKHQ6DT4YQW4VC9,2024-02-25,failed,Venmo
f1c4c756-8bf3-4fdd-b16d-0b07eac7d171,1E64EM2GH88,75,01HQP4D2VR91YDK4EYJRYD81YN,2023-11-16,in progress,Venmo
f1de081b-d615-421a-a867-0978422527e8,2N80F38PP37,70,01HQP4D323Z52DZTP709PH2SK4,2024-01-20,cancelled,debit card
f1f9873f-7877-4076-9b60-d03c1a4be277,4HN8KJ4AN20,65,01HQP4D4RKE9AK2MBE83DCGABN,2024-02-02,failed,debit card
f205bc31-4ab5-4111-8e59-4739cfde8250,8K16YR8YR84,6,01HQP4D4W7MJ82GGE9T859HX1S,2024-01-25,cancelled,Google Pay
f2a8a734-8132-4f69-891f-3c66cc50c586,2PD9JG3XJ36,37,01HQP4D4GGYN00AB3GAYDQ7Q9Y,2023-12-31,pending,PayPal
f2fbb003-56bd-486d-ad41-4b39f6d8e58f,5M43E84KE58,89,01HQP4D6Q9M38Q7XWCW1E8MH3Z,2024-02-21,in progress,Google Pay
f37cdde8-db66-4d9a-a2f0-f396cce49252,6KM5WP3CW30,1,01HQP4D4N1Q2PAPXNDJ6VXBTAJ,2023-04-03,cancelled,Google Pay
f3be660a-ab06-411c-a9ef-1264c7e4f0b2,1WX2GQ3PV37,94,01HQP4D2TP66E56ZJRC48SKK77,2023-03-27,in progress,PayPal
f3c3eea5-2490-46c7-ab0a-d2a8dcbcada5,2RV9CN0YC25,44,01HQP4D3YRRSGHMMABAHXGDBJ0,2023-10-25,failed,debit card
f3e4381b-8e9b-45a7-915b-7587f1c63876,1KE3VY3YG33,84,01HQP4D4RVWKP91SDB8V7YT5AR,2024-01-09,cancelled,Google Pay
f3edbf27-d465-4261-8ab1-d791a558e0f9,4QY5R72DW39,39,01HQP4D036PGQN7RAFB69614Z7,2023-05-11,cancelled,PayPal
f42731d7-f0a1-4330-90a8-2146f215202a,4CD1EY4RX88,71,01HQP4D6MR8QKN37ND0CSF3XSB,2023-08-30,cancelled,Google Pay
f4e5c57e-cc54-4a3f-aea1-ada78700df0b,8E96XM6QX97,1,01HQP4D4RS8548KC13M6ET1SXK,2023-08-04,completed,Google Pay
f51c4c96-3163-4135-9d75-0460b0770b14,3U65M18MF74,4,01HQP4D3ZZ8CGVZG8XKABW711C,2023-09-14,in progress,Venmo
f58db3fb-6f38-4056-b261-6d1b5f69742e,3KK7C45QD90,22,01HQP4D482JVQPQA2SNQ4PV35Z,2023-10-04,pending,credit card
f74c5c14-095b-4eae-959a-a278b85f7775,8XM4FG5YW83,4,01HQP4D35AGTABNVNP2M12GX45,2023-04-25,failed,Google Pay
f7c3aa63-3240-4099-bdee-e7d6ab577c04,3M83MY9QY56,31,01HQP4D4NRDW1PXB9ECGZG0DVD,2023-07-12,failed,credit card
f881b537-b586-4aa3-a6c3-6ec5a8f60a70,6YH2A59PE77,21,01HQP4D1C5VFA4DMEFKJKWTG7D,2023-12-14,failed,Venmo
f955399c-bade-48d9-8f15-61be4ccddffd,4VV2QF4QF87,41,01HQP4D3Z4M9KA8T4Q7EC7W42B,2023-09-02,cancelled,Google Pay
f95fe9d7-71bf-49cf-8644-a9a995c0421f,5UG9GG9NU07,39,01HQP4D4WJA58B23DAWVK53JC8,2023-07-04,pending,Venmo
f9ace297-d371-4698-a294-e7a46be8c353,3RF5N51PY30,5,01HQP4CZRB1J2S63E4GQXHWNB5,2023-10-15,in progress,Apple Pay
fa0a133d-cd13-46fb-b11a-4fe92471276c,4FU1UA1AR86,80,01HQP4D4WRK64KA7SHGZZRW84C,2023-10-11,pending,Google Pay
fa1af6e4-3cd2-434b-bf0b-57d54571db2d,4VA2QW3ME42,49,01HQP4D5BBN3NGPYNKJ92GKPDN,2023-09-26,pending,Venmo
fa28c437-b844-4b32-963d-b94e1f414258,1G44EJ8TJ08,15,01HQP4D48SMDN1VP80NW5GX8E5,2023-03-01,completed,debit card
fa4a0f9a-9d4f-4afd-b0b7-46afd37c5171,2D38JA4DJ58,39,01HQP4D4SMRR63VNR39K9RQBF7,2023-03-02,in progress,Google Pay
fa83fbbe-8969-42cd-99a7-1ad1ad391d58,3PX2RJ1RY98,44,01HQP4D51P5ES647J0FS3YG966,2023-05-26,cancelled,Google Pay
fa9eb63a-a9dd-4c15-add7-924956e00f64,5CY7M41EK82,26,01HQP4D4VZM5840N01SRATT8Q1,2023-08-30,pending,Apple Pay
fadc74fc-1e3c-4451-aafe-ceee51ae4259,8A67VT7EU69,60,01HQP4D02SZ6PWAEVY3JYBV1Z6,2023-03-13,in progress,credit card
fae15e89-6b6a-4977-a8b6-b2db0ee78bcf,1KU4PN8FU70,54,01HQP4CZS5X7K62TYSWB4ZHAHQ,2023-08-11,pending,Apple Pay
fb6a830e-bb43-4e7f-b702-f8c8606c1ba9,5D75GP1QA97,19,01HQP4D7A5YJAFRYAPG8S7ZJTD,2023-08-31,pending,credit card
fb7d2ddb-b295-48ec-9381-2e510610b239,3HY3N10KG62,94,01HQP4D48ZRNKGJT14VZ7BYFMB,2024-01-16,in progress,debit card
fb94c48c-d723-4f92-96ac-0cb37b1a4f57,1EF1H46JK87,75,01HQP4D3ZXB3V4KFR9YNFAPECK,2023-08-12,in progress,Apple Pay
fbf7b0af-87ec-4b19-8168-39d977ebe0d9,6EE8M41QM49,10,01HQP4D5AR9XB53Z74GNEHZ11V,2023-07-05,pending,Apple Pay
fc03eadc-2947-4974-ac3e-be880a2d2b5d,4QU5NY0KF75,5,01HQP4D79H6FYF1FJBR8NKJBAC,2023-12-10,pending,Apple Pay
fc1cb3e7-e173-4da3-8819-31a03c7518c6,7G60FX2MV20,99,01HQP4D3ZP519AKKARPX46DK6T,2023-12-14,failed,PayPal
fc5ebd84-bdf8-4b0b-a676-bfddfff72274,3R34GN4JE61,87,01HQP4D4MNP8SY9DZ5C1Y6P509,2023-03-25,cancelled,debit card
fdd2469b-349d-4b8f-b41d-d9f09539af89,2V04M58KD72,39,01HQP4D79B7B2HP53PHTNFKWBM,2023-06-18,in progress,Google Pay
fdf2b6b5-f16f-4d6a-be45-2a08a139c10b,9C23G16VN81,75,01HQP4D34GGQF8RZXYP5JGQXWP,2023-05-04,in progress,Venmo
fe1900f8-cb25-46b6-9fdd-1e8c6a33fcd9,8QJ4VQ1QG24,61,01HQP4D6QAR0FJ1J773NFRK3TC,2023-08-06,failed,PayPal
fe640da8-145a-4766-a519-f28b9a40f435,8YX3V11WQ29,62,01HQP4D32K0S1FHQPCBHY0A9J3,2024-02-16,pending,credit card
feeaba5e-c160-48d8-8a6f-8b1164dcb734,5QM6RD9XU64,71,01HQP4D4VZM5840N01SRATT8Q1,2023-10-07,completed,Google Pay
ff041909-243a-4e6e-b0c4-33e046e7986e,2H87T36CA52,35,01HQP4D48SMDN1VP80NW5GX8E5,2023-10-08,in progress,Venmo
ff60b96d-31ae-4299-86f4-0bfd9b582c9b,8NX5VM2FK97,100,01HQP4D34RKAV4GDSA9N6E7Y2X,2023-08-04,failed,credit card
