product_id,category_id,product_name,brand_name,color,unit_price,size
7KN6VV9CC93,1003-1,Refreshing Body Lotion,Vevo,Default,53.76,M
3K49CK5RR81,1003-1,Soothing Body Lotion,Amara,Default,88.05,M
8NE5X18FU50,1003-1,Revitalizing Facial Serum,BellaNova,Default,68.68,L
9DE8F03CM88,1003-1,Anti-Aging Facial Serum,Vevo,Default,182.09,S
5Y57Q10JK69,1003-1,Trendy Hair Clips,Lumina,Default,118.34,Free
7TK9HX8JK43,1003-1,Invigorating Hair Conditioner,BellaNova,Default,10.9,L
6KP8W20GD67,1003-1,Nourishing Hair Conditioner,Vevo,Default,88.14,M
3HA9HX7DX66,1003-1,Restorative Hair Conditioner,Lumina,Default,168.2,M
6QN4GQ6KE56,1003-1,Hydrating Hair Conditioner,Amara,Default,46.35,S
9M53FT3UQ16,1003-1,Revitalizing Hydrating Mask,OpalAura,Default,143.2,S
7R17Y59UN27,1003-1,Soothing Hydrating Mask,Enchant,Default,125.25,Free
3NV4JV4FN23,1003-1,Detoxifying Hydrating Mask,Vevo,Default,217.93,Free
3QM8DH6RP12,1003-1,Portable Makeup Brush Set,Amara,Default,155.55,Free
3MN8HA6RG92,1003-1,Travel-Friendly Makeup Brush Set,Lumina,Default,86.33,Free
3RF5N51PY30,1003-1,Professional Makeup Brush Set,Vevo,Default,156.79,Free
9AQ7AM9TQ26,1003-1,Long-Lasting Makeup Primer,OpalAura,Default,112.9,Free
2JE4H34WT54,1003-1,Pore-Minimizing Makeup Primer,Seraphina,Default,114.46,Free
3CW4TY1MG99,1003-1,Illuminating Makeup Remover,RadiantGlow,Default,220.59,Free
4PR1W64RM57,1003-1,Soothing Makeup Remover,Lumina,Default,16.16,Free
8YX3V11WQ29,1003-1,Soft Makeup Sponge,Vevo,Default,121.99,Free
1DW6N60KX24,1003-1,Blendable Makeup Sponge,Enchant,Default,97.43,Free
7G38QH7WJ19,1003-1,Refreshing Shampoo,BellaNova,Default,19.01,L
1YY5Q64KM49,1003-1,Volumizing Shampoo,Lumina,Default,93.21,L
8UH6GN1HK24,1003-1,Strengthening Shampoo,OpalAura,Default,5.57,M
3NE1RT0HK79,1003-1,Lightweight Sunscreen Lotion,Vevo,Default,2.63,M
9EW2W90DW49,1003-1,Broad-Spectrum Sunscreen Lotion,Seraphina,Default,133.85,M
3GK2F78TA33,1003-1,Water-Resistant Sunscreen Lotion,OpalAura,Default,201.63,XL
9A66H64FA64,1003-1,Gentle Hair Clips,RadiantGlow,Default,21.79,Free
6U92YW7WT02,1003-2,Illuminating Facial Serum,Amara,Default,214.74,XL
5M43E84KE58,1003-2,Refreshing Body Lotion,BellaNova,Default,162.59,L
7Q83EM8NH08,1003-2,Nourishing Hair Conditioner,Seraphina,Default,191.66,M
1JC7FK2FH11,1003-2,Revitalizing Hydrating Mask,Lumina,Default,130.62,L
6U77T35DM05,1003-2,Replenishing Hydrating Mask,Amara,Default,131.43,Free
6NJ9KW1AG66,1003-2,Volumizing Shampoo,Seraphina,Default,36.56,Free
2H07HR3AN89,1003-2,Strengthening Shampoo,Lumina,Default,77.55,L
9W52M81YM44,1003-2,Protective Facial Serum,BellaNova,Default,18.53,L
6C91Y31QY35,1003-2,Non-Greasy Sunscreen Lotion,Lumina,Default,115.69,L
4QY5R72DW39,1003-3,Soothing Bath Salts,RadiantGlow,Default,217.14,Free
5A20D67VT39,1003-3,Soft Body Sponge,Amara,Default,65.37,Free
5U52CC8GH71,1003-3,Exfoliating Body Sponge,BellaNova,Default,124.38,Free
6T18UE2MG02,1003-3,Nourishing Cuticle Oil,Enchant,Default,185.68,M
1KU4PN8FU70,1003-3,Long-Lasting Eyebrow Gel,Lumina,Default,36.4,Free
8T91R76RF07,1003-3,Waterproof Eyeliner,BellaNova,Default,91.31,Free
6DH0CR6YT43,1003-3,Gentle Hair Brush,Lumina,Default,160.34,Free
1KW3YF4EC69,1003-3,Detangling Hair Brush,OpalAura,Default,8.27,Free
9ER6Q43MT36,1003-3,Restorative Hair Mask,Enchant,Default,109.56,Free
4A09WC9YA68,1003-3,Soothing Hand Cream,BellaNova,Default,176.94,L
5G81JY9KG59,1003-3,High-Quality Nail Clippers,Vevo,Default,19.29,Free
3MU3UX0CD24,1003-3,Quick-Drying Nail Polish,OpalAura,Default,175.71,Free
3M83MY9QY56,1003-3,Chip-Resistant Nail Polish,BellaNova,Default,156.15,Free
1Y86YY9GV56,1003-3,Reusable Shower Cap,Seraphina,Default,22.44,Free
6NC4AV4RC77,1001-1,Whispers of the Heart,Mystic Press,Default,47.38,Default
4QU5NY0KF75,1001-1,Whispering Waters,Serenity Books,Default,39.41,Default
8NE7U26UQ11,1001-1,Whispering Legends,Celestial Books,Default,50.18,Default
3M19DG1GJ41,1001-1,Whispering Echoes,Everglow Publications,Default,21.55,Default
6AQ0QD0VQ97,1001-1,The Silent Symphony,Celestial Books,Default,24.15,Default
8QF7N66QQ32,1001-1,The Enchanted Lake,Celestial Books,Default,49.09,Default
8FY9Q29QR12,1001-1,Whispering Tides,Stardust Publishing,Default,31.96,Default
1VP3X75GX09,1001-1,Whispering Secrets,Enchant,Default,44.49,Default
8C14J72CQ11,1001-1,Starlight Sonata,Mystic Press,Default,44.43,Default
8NK1AD8FJ35,1001-1,Songs of the Soul,Twilight Publications,Default,30.83,Default
1VY5X56HD78,1001-1,Songs of the Sky,Mystic Press,Default,43.43,Default
8G35TA9RY08,1001-1,Songs of Solitude,Whispering Willow Publishing,Default,28.26,Default
3DD5KX0DW16,1001-1,Shadows of Silence,Stardust Publishing,Default,18.23,Default
2G08AR3RT08,1001-1,Tales of Twilight,Moonlit Press,Default,15.2,Default
4ND6W41QW92,1001-1,Starlight Visions,Serenity Books,Default,34.91,Default
4JC6XJ5PV68,1001-1,Serenade of Solitude,Twilight Publications,Default,7.7,Default
8WX9T98EC83,1001-1,Serenade of Shadows,Celestial Books,Default,52.11,Default
6HP6PN8HR49,1001-1,Secrets of the Night,Aurora Books,Default,16.37,Default
1NW1NY0PP73,1001-1,Moonlit Whispers,Whispering Willow Publishing,Default,50.61,Default
9J72C51NG07,1001-1,Moonlit Magic,Everglow Publications,Default,5.94,Default
2Q58KN3WF43,1001-1,Moonlit Escapes,Serenity Books,Default,5.81,Default
9WF1N45DR56,1001-1,Midnight Serenade,Moonlit Press,Default,34.56,Default
7DR2E19WJ69,1001-1,Midnight Memories,Stardust Publishing,Default,39.05,Default
3T84VF4QD71,1001-1,Journey to the Stars,Enchant,Default,30.44,Default
5JU5TJ3CT75,1001-1,Journey to the Edge,Everglow Publications,Default,35.18,Default
9XR3KP7YH85,1001-1,Journey to Freedom,Everglow Publications,Default,23.04,Default
4QK4QK4PX53,1001-1,Journey to Forever,Moonlit Press,Default,1.23,Default
2CK5AX9KH72,1001-1,Journey,Moonlit Press,Default,52.53,Default
3GT7YH6AN91,1001-1,Enchanted Whispers,Celestial Books,Default,29.61,Default
9M18TN6WH22,1001-1,Enchanted Paths,Stardust Publishing,Default,48.48,Default
1CJ9UV8VF00,1001-1,Enchanted Journeys,Mystic Press,Default,30.43,Default
2XC2TQ0WJ43,1001-1,Echoes of Love,Whispering Willow Publishing,Default,30.09,Default
1G44EJ8TJ08,1001-1,Echoes of Infinity,Moonlit Press,Default,21.78,Default
8YV4J76FD27,1001-1,Echoes of Hope,Aurora Books,Default,54.8,Default
4HN5UT6ER08,1001-1,Echoes of Eternity,Aurora Books,Default,36.2,Default
4XF8TG5CD85,1001-1,Echoes of Destiny,Stardust Publishing,Default,15.52,Default
2AQ4PT4MY64,1001-1,Echoes of Adventure,Whispering Willow Publishing,Default,28.66,Default
9X84U33GJ83,1001-1,Dreams of Tranquility,Whispering Willow Publishing,Default,0.35,Default
4HE8JK5AD84,1001-1,Dreams of Revelation,Everglow Publications,Default,38.01,Default
8A85C75WK92,1001-1,Dreams of Dusk,Moonlit Press,Default,25.48,Default
6KM5WP3CW30,1001-1,Dreams of Discovery,Stardust Publishing,Default,30.72,Default
6U87Q47EJ87,1001-1,Dreams of Daylight,Twilight Publications,Default,34.65,Default
5Q24NY2ER45,1001-1,Dreaming of Tomorrow,Moonlit Press,Default,25.77,Default
2V04M58KD72,1001-1,Dancing with Fate,Everglow Publications,Default,38.46,Default
5D75GP1QA97,1001-1,Dancing with Dreams,Twilight Publications,Default,0.4,Default
1HR7MY3DP49,1001-1,Dancing with Dragons,Serenity Books,Default,33.35,Default
2N80F38PP37,1001-1,Dancing on Air,Whispering Willow Publishing,Default,34.09,Default
7C35HA1MW46,1001-1,Beyond the Horizon,Everglow Publications,Default,55.46,Default
5NY9RN5MP43,1001-1,Whispers of Wonder,Serenity Books,Default,35.58,Default
4GM0V18FG35,1001-1,Whispers of Wisdom,Everglow Publications,Default,47.36,Default
8H99HV5HU19,1001-1,Whispers of Paradise,Celestial Books,Default,38.92,Default
6W13GD4YT62,1001-1,Whispers of Magic,Twilight Publications,Default,49.15,Default
9WW1VF3FE02,1001-1,Whispers of Hope,Mystic Press,Default,14.06,Default
5C94G00NV64,1001-1,Whispers of Harmony,Whispering Willow Publishing,Default,21.81,Default
8NT5E98NX22,1001-1,Whispers of Discovery,Moonlit Press,Default,47.58,Default
6AX3VG7UD97,1001-1,Whispers of Adventure,Moonlit Press,Default,54.77,Default
5K37U95WP77,1001-1,Whispering Waters,Stardust Publishing,Default,40.92,Default
7J20TT6QQ76,1001-1,Whispering Shadows,Mystic Press,Default,35.08,Default
7DW4G31GN88,1001-1,Tales of Transformation,Stardust Publishing,Default,39.02,Default
8D61EW8VJ60,1001-1,Shrouded in Mystery,Serenity Books,Default,24.23,Default
4CD1EY4RX88,1001-1,Serenade of Dreams,Aurora Books,Default,17.61,Default
9FF3QD8FD98,1001-1,Secrets of the Sea,Twilight Publications,Default,11.15,Default
8DN2TX0MM40,1001-1,Reflections of Fate,Stardust Publishing,Default,16.82,Default
8XR1X90AJ17,1001-1,Midnight Symphony,Moonlit Press,Default,20.79,Default
9XP9JR9XM70,1001-1,Legends of Lore,Celestial Books,Default,40.13,Default
1WH9JU6CN73,1001-1,Enchanted Visions,Serenity Books,Default,25.43,Default
3AP8CH0HU70,1001-1,Enchanted Tales,Serenity Books,Default,6.42,Default
5T86YT9HV15,1001-1,Enchanted Garden,Twilight Publications,Default,16.91,Default
4H40AP6KN52,1001-1,Echoes of Infinity,Serenity Books,Default,8.18,Default
7M38VY0DM42,1001-1,Echoes of Hope,Aurora Books,Default,52.41,Default
6YF7QC5VE05,1001-1,Echoes of Exploration,Serenity Books,Default,2.45,Default
5E02M85JK19,1001-1,Echoes of Evolution,Enchant,Default,45.9,Default
1AX7NA3QF08,1001-1,Echoes of Enlightenment,Enchant,Default,7.64,Default
1EP3U22MP59,1001-1,Echoes of Adventure,Celestial Books,Default,44.4,Default
8E73MD6KU24,1001-1,Dreams of Serendipity,Stardust Publishing,Default,35.84,Default
7DV8KM4QE54,1001-1,Dreams of Resilience,Everglow Publications,Default,44.77,Default
5NW5FT0NA97,1001-1,Dreams of Redemption,Aurora Books,Default,40.67,Default
1PE8E49YX05,1001-1,Serenade of the Sea,Whispering Willow Publishing,Default,19.49,Default
5AU7V68CY09,1001-1,Serenade of Splendor,Aurora Books,Default,20.1,Default
1FE1RT6KH53,1001-1,Dreams of Devotion,Stardust Publishing,Default,38.7,Default
1GK7TP1GE63,1001-1,Dreams of Destiny,Twilight Publications,Default,20.4,Default
1VT7UC7TQ29,1001-1,Dreams of Delight,Twilight Publications,Default,2.5,Default
8XU8GG1EX46,1001-1,Beyond the Horizon,Whispering Willow Publishing,Default,49.13,Default
7D70DM1NP58,1002-1,Eco-Friendly Yoga Mat,Sunshine,Black,210.85,M
8FM9GV5VV73,1002-1,Non-Slip Yoga Mat,Sunshine,Blue,505.87,L
1WX2GQ3PV37,1002-1,Comfortable Yoga Mat,Sunshine,Pink,647.48,S
2TY0MT9KQ10,1002-1,Durable Volley Ball,PowerStrike,Default,87.59,Free
2RM0NP9TK40,1002-1,Official Size Volley Ball,Sunshine,Default,280.47,Free
7W90KM8PY34,1002-1,Extra-Thick Yoga Mat,Turbo,Pink,168.65,S
6JK4PD2RN57,1002-1,Lightweight Tennis Racket,Star,Red,43.74,Free
2MW8UT1KR97,1002-1,Tennis Ball Set,Star,Black,548.62,Free
8M97MF8VK84,1002-1,High-Visibility Tennis Ball,FlexWind,Default,442.73,Free
1E64EM2GH88,1002-1,Durable Tennis Ball,ProFit,Default,464.43,Free
9FA8FD2RQ68,1002-1,Anti-Fog Swimming Goggles,TurboTread,Black,46.94,Free
8GY5M75JD44,1002-1,Indoor Soccer Ball,PowerGlide,Default,471.55,Free
7HN1XV6UG72,1002-1,All-Mountain Snowboard,Yell,Red,92.91,Free
2DR2EG5UW48,1002-1,Freestyle Snowboard,Star,Blue,126.96,Free
8PX4QP8MV74,1002-1,Professional snowboard,FlexWind,Purple,549.53,S
5QM6RD9XU64,1002-1,Performance Ski Boots,FlexWind,Multicolor,569.31,L
3H19RN0GH24,1002-1,Waterproof Swimming Caps,AeroFlex,Red,200.44,Free
8UD1QJ9NF11,1002-1,Professional Soccer Ball,PowerStrike,Default,13.97,Free
5UG9GG9NU07,1002-1,Customized Rowing Machine,PowerStrike,Blue,62.75,M
3XF7EK2MT27,1002-1,Portable Rowing Machine,Star,Gray,642.66,L
8WK6E16EY82,1002-1,High-Resistance Resistance Band,PowerPush,Gray,487.01,Free
2H87T36CA52,1002-1,Latex-Free Resistance Band,ProFit,Yellow,248.29,Free
9WW8JK6QF24,1002-1,Colorful Resistance Band,TurboTread,Black,68.35,Free
4JY1FV4MH33,1002-1,Padded Lifting Strap,SpinTech,Black,459.75,Free
8G25TE3XJ33,1002-1,Heavy-Duty Lifting Strap,MountainTop,Blue,172.78,M
2RX1U41JG45,1002-1,Nylon Lifting Strap,MountainTop,White,170.54,L
2PD9JG3XJ36,1002-1,Weighted Jump Rope,ProStep,Blue,577.63,M
4EX0MU5PX82,1002-1,Tangle-Free Jump Rope,PowerPulse,Red,230.58,S
4K02WH5RU84,1002-1,Reflective Jump Rope,PowerPulse,Black,252.83,M
7TR0XX9GT74,1002-1,Wireless Heart Rate Monitor,PowerStrike,Orange,636.72,M
8YK2FC0CD91,1002-1,Waterproof Heart Rate Monitor,PowerStrike,Yellow,646.68,L
5CU0YK2UU75,1002-1,Bluetooth Heart Rate Monitor,Sunshine,Green,258.34,Free
4H53TK9DW63,1002-1,Chest Strap Heart Rate Monitor,StrikeForce,Black,41.19,Free
6P94HV2EM94,1002-1,Magnetic Exercise Bike,Star,Blue,509.5,Free
1FU3M00TU09,1002-1,Upright Exercise Bike,Sunshine,Black,533.29,S
1D54NM0XV43,1002-1,Lightweight Cycling Helmet,Sunshine,Blue,258.57,M
8RE1K18JD08,1002-1,Beginner Skateboard,FlexWind,Yellow,371.27,M
5WU1TT1DU55,1002-1,Dynamic Climbing Rope,ProFit,Brown,128.78,Free
3HC1UK5UQ23,1002-1,Lightweight Climbing Rope,MountainTop,Blue,142.02,S
4FX4GD7UA53,1002-1,Durable Climbing Rope,MountainTop,Gray,90.01,M
2TN6HQ7MQ38,1002-1,Flexible Climbing Harness,MountainTop,Brown,594.1,L
9V81JJ4PG15,1002-1,Adjustable Climbing Harness,ProFit,Purple,327.35,M
4Y66UU2MJ72,1002-1,Breathable Climbing Harness,ProFit,Black,412.79,M
4UD0GJ2CP77,1002-1,Premium Boxing Gloves,TurboTread,Black,1080.16,M
1TD4HH9DT66,1002-1,Leather Boxing Gloves,SpinTech,Blue,378.68,S
2CJ6H16UT32,1002-1,Training Boxing Gloves,SpinTech,Brown,286.74,M
7D19XV1TU69,1002-1,Street Basketball,PowerGlide,Default,31.83,Free
4Q36JR6RW17,1002-1,Premium Balance Board,ProBalance,Green,553.98,S
6RM4WH5GK44,1002-1,Yoga Balance Board,ProBalance,Black,489.34,XL
7VY2N40KH94,1002-1,Exercise Balance Board,AeroFlex,Red,273.7,S
6YH2A59PE77,1002-1,Adjustable Dumbbells,AeroFlex,Green,144.22,M
2EK7DM1HX90,1002-1,Neoprene Dumbbells,AeroFlex,Black,632.63,L
2CE0C12CN61,1002-1,Rubber-Coated Dumbbells,Sunshine,Blue,227.53,S
8CJ0WK8RD77,1002-1,Reflective Cycling Helmet,MountainTop,Orange,266.95,S
7CM6DA8KX99,1002-1,Protective Cycling Helmet,PowerPush,Yellow,425.5,M
3N02HW9JT20,1006-1,Cooling Mat,PawsomeGoods,Blue,79.27,Free
8A67VT7EU69,1006-1,Dog Nail Clippers,PawsomeGoods,Black,85.25,Free
7X14T42UN47,1006-1,Doggy Raincoat,PawsomeGoods,Orange,39.55,Free
8J67X90NG96,1006-1,LED Dog Collar,PawsomeGoods,Green,3.14,Free
4WA0YY7HX63,1006-1,Dog Puzzle Toy,PawsomeGoods,Pink,41.2,Free
2GX7HN1HG81,1006-1,Doggy Life Jacket,PetPals,Orange,43.59,Free
4WT0JA1JN41,1006-1,Doggy Toothbrush,PetPals,White,85.79,Free
8H24M84WA59,1006-1,Catnip Mouse Toy,PetPals,Gray,36.49,Free
9C71A69AA07,1006-1,Cozy Cave Bed,PetPals,Black,9.38,Free
8E74CG9XX00,1006-1,Scratch Resistant Cat Scratcher,PetPals,Brown,24.9,Free
5HH2QP4DH58,1006-1,Bird Cage Cover,PetPals,Blue,79.94,Free
1QV1FJ6KQ49,1006-1,Reflective Cat Harness,PawsomeGoods,Yellow,38.06,Free
3N91GT6GH64,1006-1,Cat Tunnel,PawsomeGoods,Black,71.67,Free
9YT2TY0MJ74,1006-1,Cat Scratching Pad,PawsomeGoods,Brown,19.53,Free
8E96XM6QX97,1006-1,Bird Feeder,PawsomeGoods,Green,49.59,Free
9D20FR8HG96,1006-1,Bird Swing Perch,PawsomeGoods,Black,102.75,Free
6DC7F66VA36,1006-1,Parrot Toy,PawsomeGoods,Rainbow,69.73,Free
8FY4T40XE77,1006-1,Bird Perch,PawsomeGoods,Brown,67.53,Free
7FJ8UT4WU86,1006-1,Birdcage Liner,PawsomeGoods,White,94.47,Free
3V73F74WY71,1006-1,Bird Treat Stick,HappyPets,Orange,31.31,Free
9GC1HC8TF44,1006-1,Disposable Litter Box,HappyPets,Gray,11.87,Free
9JN8TA8RT22,1006-1,Fish Tank Decoration,HappyPets,Pink,13.34,Free
8VX3U15WG21,1006-1,Rabbit Hutch,HappyPets,Black,11.68,Free
8WY1M76GX03,1006-1,Rabbit Water Bottle,HappyPets,Blue,79.45,Free
7K66QN6UM23,1006-1,Rabbit Hideout,HappyPets,Brown,58.84,Free
8Y34X61JM56,1007-1,Floral Sundress,Bella Donna,White,86.88,L
2JJ3X65CP47,1007-1,Lace Bralette,Urban Chic,Pink,50.54,S
3TP6EC4EW69,1007-1,Denim Jacket,Vogue Couture,Blue,79.69,M
8A98K50UJ06,1007-1,Ankle Boots,Trendsetter Threads,Black,44.33,S
9FV9C21YU46,1007-1,Maxi Skirt,Urban Chic,Brown,20.36,L
1H07DF7PP71,1007-1,Striped T-shirt,Vogue Couture,Brown,12.73,L
5D72V31EC25,1007-1,Leather Jacket,Sophisticated Sisters,Blue,24.12,M
6FV4U47WK44,1007-1,Ripped Skinny Jeans,Athena Apparel,Black,42.44,XL
5JY2TX8EV42,1007-1,Midi Dress,Vogue Couture,Black,107.94,M
6K49P59MK21,1007-1,Platform Sandals,Elite Ensemble,Gray,0.37,L
9YQ9VH3WG32,1007-1,Wrap Top,Urban Chic,Gray,104.98,M
1EW2R65AA04,1007-1,Knee-High Boots,Sophisticated Sisters,Black,52.65,M
4PF4M84CR49,1007-1,Floral Kimono,Bella Donna,Black,45.71,M
8E10H36WY40,1007-1,Crop Top,Urban Chic,Black,45.64,L
4HJ3X94AM40,1007-1,Palazzo Pants,Bella Donna,Pink,16.69,S
2W38N89QH13,1007-1,Tank Top,Trendsetter Threads,Blue,155.55,XL
9A25G34VY97,1007-1,Utility Jumpsuit,Elite Ensemble,Black,26.39,M
1EK3HG2VD35,1007-1,Faux Fur Coat,Vogue Couture,White,11.29,S
3R34GN4JE61,1007-1,Fringe Jacket,Bella Donna,Green,27.7,M
4MF3GY4HF03,1007-1,Linen Shorts,Sophisticated Sisters,Brown,33.61,M
2V33U42HF67,1007-1,Combat Boots,Vogue Couture,Blue,74.75,M
7K27P15UC40,1007-1,Graphic Tee,Trendsetter Threads,Pink,22.7,S
7G60FX2MV20,1007-1,Polka Dot Blouse,Elite Ensemble,Blue,102.6,M
6N40G90TU39,1007-1,Espadrille Wedges,Elite Ensemble,White,157.16,L
4W28GN6RM58,1007-1,Turtleneck Sweater,Trendsetter Threads,Coral,78.3,M
8DG2KN2RN08,1007-1,Riding Boots,Sophisticated Sisters,Blue,50.54,M
2P94D65RP31,1007-1,Shirtdress,Trendsetter Threads,Brown,62.21,S
7M60C98JA32,1007-1,Chelsea Boots,Athena Apparel,Black,34.77,L
3HR9T87HN01,1007-1,Sequin Top,Vogue Couture,White,100.56,M
1WK4U99MM89,1007-1,Linen Jumpsuit,Elite Ensemble,Black,25.64,S
2DE8UW5MJ89,1007-1,Bell Sleeve Blouse,Urban Chic,Gold,10.09,M
8JM4FP4MX45,1007-1,A-line Skirt,Bella Donna,Gray,38.67,S
6M02Q23RX95,1007-1,Sleeveless Blazer,Vogue Couture,Gray,24.17,M
5W89AE4RK75,1007-1,Midi Skirt,Athena Apparel,Black,29.05,M
3YV9FX0YM37,1007-1,Peplum Top,Athena Apparel,Pink,23.87,S
7W49NY4MP85,1007-1,Leather Leggings,Vogue Couture,Blue,23.47,XL
9JF1GA2NT90,1007-1,Slip-On Sneakers,Elite Ensemble,Black,29.01,XL
8D92XW8DF07,1007-1,Utility Jacket,Trendsetter Threads,Brown,28.98,XL
4KF2XX1GT05,1007-1,Cropped Hoodie,Bella Donna,Blue,52.57,XL
4DH3X44RG60,1007-1,Lace Cami,Vogue Couture,Pink,30.45,S
7FM1TY2WW43,1007-1,Paperbag Waist Pants,Trendsetter Threads,Black,52.47,XL
4VV2QF4QF87,1007-1,Embroidered Blouse,Urban Chic,Gray,13.61,XL
7H59YW3UQ28,1007-1,Suede Skirt,Bella Donna,Black,79.84,XL
5CQ1KE2YU33,1007-1,Oversized Shirt,Urban Chic,White,69.05,M
3R45T77QQ75,1007-1,Pleather Jacket,Trendsetter Threads,Blue,127.03,XL
4R40D92HK27,1007-1,Crochet Top,Elite Ensemble,Beige,21.74,XS
6PQ0K75PP44,1007-1,Paperbag Shorts,Bella Donna,Blue,161.89,XS
3GR7K88MQ97,1007-1,Bell Bottom Jeans,Vogue Couture,Black,30.73,2XL
5PD3DD3YD39,1007-1,Tweed Jacket,Urban Chic,White,33.47,XL
8AT0WD1CV64,1007-1,Puffer Vest,Bella Donna,Brown,45.78,S
6JF7KC0ME02,1007-1,Belted Trench Coat,Urban Chic,Pink,12.73,M
8V40U12UK39,1007-1,Lace Midi Skirt,Elite Ensemble,Black,23.1,XS
2RV9CN0YC25,1007-1,Peasant Dress,Vogue Couture,White,10.96,S
7WA4RJ0NC67,1007-1,Cap Sleeve Blouse,Athena Apparel,Green,108.67,XL
9PH6HJ5YF42,1007-1,Velvet Wrap Top,Urban Chic,Brown,0.05,L
4NV2ND4QK96,1007-1,Mock Neck Top,Bella Donna,Coral,164.56,L
8T60Q83YJ71,1007-1,Belted Wide-Leg Pants,Urban Chic,Black,11.25,XL
3N81C41JA02,1007-1,Tassel Earrings,Vogue Couture,Blue,68.61,S
2M07RJ0XF27,1007-1,Button-Front Skirt,Athena Apparel,Black,94.34,L
9EW8G06MH98,1007-1,Flare Sleeve Blouse,Vogue Couture,White,29.86,L
3E62CP6XT50,1007-1,Ruched Bodycon Dress,Sophisticated Sisters,Gold,24.77,XL
8QJ4VQ1QG24,1007-1,V-Neck Jumpsuit,Trendsetter Threads,White,13.78,L
2Q28TC8FT46,1007-1,Faux Suede Jacket,Urban Chic,White,37.34,S
7T90KG3ED20,1007-1,Ruffle Sleeve Top,Vogue Couture,Black,39.23,S
9V31PP3AF18,1007-1,Floral Print Romper,Urban Chic,Blue,26.46,M
6EE8M41QM49,1007-1,Striped Crop Top,Urban Chic,Brown,30.5,M
9E41W74VR45,1007-1,Denim Skirt,Elite Ensemble,Black,33.73,XL
9P79Y02NY30,1007-1,Lace Blouse,Vogue Couture,White,11.31,L
9WD3W08JN83,1007-1,Ruffled Sundress,Athena Apparel,Black,27.61,M
3D26PE2RA32,1007-1,Off-Shoulder Romper,Trendsetter Threads,Gray,47.13,L
6FR0E75YE74,1007-1,Crochet Halter Top,Athena Apparel,Camel,82.83,L
5CY7M41EK82,1007-1,Satin Slip Dress,Trendsetter Threads,White,132.24,M
2VV7XG4JD91,1007-1,Tie-Dye Maxi Dress,Athena Apparel,Black,28.9,XL
2TJ3M64NW79,1007-1,Cropped Cardigan,Vogue Couture,Brown,30.15,XL
3T51WE8RV59,1007-1,Floral Print Kimono,Bella Donna,White,39.78,XL
6G52XT3GV96,1007-1,Wrap Front Bodysuit,Bella Donna,Black,44.45,2XL
7Y38DV2DD37,1007-1,Embellished Denim Jacket,Urban Chic,Gray,34.41,S
8YX7UX3AK88,1007-1,Paperbag Waist Pants,Trendsetter Threads,Gray,28.97,L
8RR6G29PQ34,1007-1,Faux Leather Leggings,Bella Donna,Black,33.26,L
3AX1X29TP50,1007-2,Crew Neck T-shirt,Vogue Couture,Black,17.82,XS
8N99CC0TJ53,1007-2,Button-down Shirt,Stalwart Styles,Black,32.94,3XL
2HE6WM1UJ12,1007-2,Polo Shirt,Gentleman's Attire,White,20.12,XS
2D38JA4DJ58,1007-2,Cargo Pants,Stalwart Styles,Blue,72.6,2XL
9K98ER7CT67,1007-2,Hooded Sweatshirt,Trendsetter Threads,Beige,16.89,XS
3U65M18MF74,1007-2,Graphic Tee,Urban Chic,Black,29.43,S
6JA8KA1DH33,1007-2,Denim Jacket,Vogue Couture,Gray,40.64,M
8PM1YG5AT44,1007-2,Plaid Flannel Shirt,Stalwart Styles,Black,19.01,3XL
2KD9EM9VW10,1007-2,Puffer Vest,Urban Chic,White,37.74,2XL
3VV2N61QQ93,1007-2,Baseball Cap,Trendsetter Threads,Brown,27.98,2XL
8WD2KN6XG72,1007-2,Blazer Jacket,Stalwart Styles,Gray,55.27,L
4VA3KE8TK23,1007-2,Leather Belt,Urban Chic,Blue,14.36,2XL
9C14F39JK70,1007-2,Henley Shirt,Trendsetter Threads,Black,15.07,XS
9C23G16VN81,1007-2,Quilted Jacket,Urban Chic,White,46.82,XL
1EM0JG5FQ43,1007-2,Jogger Pants,Gentleman's Attire,Green,55.09,M
1WU2X43WQ02,1007-2,Suit Vest,Vogue Couture,Brown,26.43,XL
4CV3PF3AE33,1007-2,Rugby Polo,Urban Chic,White,49.75,S
2K54YF3QA01,1007-2,Camouflage Pants,Trendsetter Threads,Green,37.34,XL
9N04AM5DF62,1007-2,Pullover Hoodie,Stalwart Styles,Coral,26.29,M
2E76FW6YE98,1007-2,Slim Fit Chinos,Urban Chic,Brown,14.48,S
5WY1G98FX63,1007-2,Field Jacket,Trendsetter Threads,Black,151.07,S
7YW0Q82XM49,1007-2,Fisherman Sweater,Trendsetter Threads,Green,36.94,XS
8DF2AN1QN30,1007-2,Shawl Collar Cardigan,Gentleman's Attire,Blue,11.71,2XL
8E78QJ1EX29,1007-2,Trucker Jacket,Urban Chic,White,19.01,M
6MT0UY8TQ82,1007-2,Cargo Joggers,Vogue Couture,Gold,8.83,2XL
1AW7Y88EH18,1007-2,Rugby Shorts,Stalwart Styles,Gray,31.69,3XL
9YG9C07CV47,1007-2,Muscle Tank,Trendsetter Threads,White,117.04,XL
5XE2CF3NM24,1007-2,Cargo Sweatpants,Vogue Couture,Blue,34.71,M
5CW2Q80YT56,1007-2,Motorcycle Boots,Gentleman's Attire,Black,24.56,2XL
8DJ2RX7WT05,1007-2,Pleated Dress Pants,Urban Chic,Blue,13.23,L
1KE3VY3YG33,1007-2,Corduroy Jacket,Trendsetter Threads,White,31.21,M
6RK8QH5GJ00,1007-2,Cargo Jogger Shorts,Gentleman's Attire,Black,15.53,S
1DC6MQ6EE31,1007-2,Fleece Zip-up Jacket,Stalwart Styles,Gray,46.58,3XL
5V18C87EX96,1007-2,Beach Shorts,Vogue Couture,Gray,27.18,3XL
8Y18HN2FX67,1007-2,Rugby Sweater,Gentleman's Attire,Black,25.05,XS
6JN2HM8YH08,1007-2,Ski Gloves,Stalwart Styles,Camel,17.58,2XL
5R78WD1WH65,1007-2,Polo Sweater,Vogue Couture,White,29.55,XS
5UW6HD6AA71,1005-1,Skip 'n' Hop Rope,Giggly Gadgetry,Blue,37.37,Free
1RH1VX4EK30,1005-1,Silly Sprout Stacking Rings,Giggly Gadgetry,Green,14.32,Free
4VA2QW3ME42,1005-1,Jolly Jumping Jacks,Giggly Gadgetry,Orange,65.9,Free
4R43U78JR02,1005-1,Pogo Pals,Giggly Gadgetry,Purple,11.99,Free
1K69WR7QD83,1005-1,Hoot 'n' Toot Kazoo,Giggly Gadgetry,White,67.84,Free
5MM5E06PE56,1005-1,Zig Zag Zebra Puzzle,Giggly Gadgetry,Green,81.27,Free
4GU9Q60GJ24,1005-1,Peppy Penguin Plush,Giggly Gadgetry,White,9.42,Free
3HY3N10KG62,1005-1,Bubble Bop Bath Toy,Giggly Gadgetry,Yellow,91.49,Free
6R79UP4MQ51,1005-1,Fluffy Floppy Teddy Bear,Giggly Gadgetry,Brown,47.99,Free
6UE1YE8CY27,1005-1,Jittery Jester Jigsaw Puzzle,Giggly Gadgetry,Yellow,103.27,Free
3NQ4MH0AD85,1005-1,Boogie Woogie Bug,Dizzy Doo,Yellow,101.15,Free
8G96T71GV96,1005-1,Giggle Wiggle Worm,Dizzy Doo,Green,9.69,Free
4HN8KJ4AN20,1005-1,Whizzy Wacky Wiggle Ball,Dizzy Doo,Blue,56.11,Free
8NX5VM2FK97,1005-1,Tippy Toe Turtles,Dizzy Doo,Green,73,Free
8A73R04AM17,1005-1,Dizzy Doo Doo Dart,Dizzy Doo,Red,67.89,Free
6VT4TC0AD68,1005-1,Squish 'n' Squeeze Stress Ball,Dizzy Doo,Blue,102.36,Free
8TN4MR0MG12,1005-1,Snazzy Snail Pull Toy,Dizzy Doo,Green,76.85,Free
5N28QX7XE19,1005-1,Tumble Tot Blocks,Dizzy Doo,Blue,70.81,Free
8G87P25KF45,1005-1,Flap 'n' Flop Flamingo,Dizzy Doo,Pink,92.68,Free
1CK6D40AJ62,1005-1,Wacky Wiggle Worm,Dizzy Doo,Green,25.53,Free
5Y55K16WV99,1005-1,Twisty Turn Tornado,Dizzy Doo,Red,22.66,Free
2PX5HE8RV32,1005-1,Zippy Zoom Zoomer,Dizzy Doo,Blue,69.92,Free
2UJ2AM7MQ80,1005-1,Slinky Springy Snake,Dizzy Doo,Green,19.15,Free
6D73C39JV27,1005-1,Jolly Jumping Jester,Dizzy Doo,Red,17.18,Free
7VU4WR6CR12,1005-1,Pitter Patter Puppy Plush,Dizzy Doo,Brown,13.21,Free
4RV3UH6RU71,1005-1,Rocket Racer,Dizzy Doo,Red,83.44,Free
3GC8AY4NP35,1005-1,Super Speedster,Dizzy Doo,Blue,82.48,Free
8XM4FG5YW83,1005-1,Magic Wand,Whirly Twirly Toys,Pink,20.48,Free
5D22HQ2CF81,1005-1,Flying Disc,Whirly Twirly Toys,Blue,11.2,Free
8HM8FQ3CU45,1005-1,Jigsaw Puzzle,Whirly Twirly Toys,Blue,79.39,Free
7Y65DK1DT83,1005-1,Dollhouse Dream,Whirly Twirly Toys,Pink,64.94,Free
6JV7M99CK28,1005-1,Remote Control Car,Whirly Twirly Toys,Red,31.78,Free
6M80YW4FG10,1005-1,Stuffed Unicorn,Whirly Twirly Toys,White,23.13,Free
4FJ8X96PE09,1005-1,Building Blocks,Whirly Twirly Toys,Blue,45.27,Free
8KM5P47NP49,1005-1,Ring Toss Game,Whirly Twirly Toys,Blue,106.31,Free
8TH8GX4QA76,1005-1,Dental Dog Treats,Whirly Twirly Toys,Brown,83.07,Free
5WA3E87JV42,1005-1,Waterproof Pet Mat,Whirly Twirly Toys,Blue,100.85,Free
9RJ5N08RQ62,1005-1,Squeaky Chew Toy,Whirly Twirly Toys,Yellow,11.78,Free
4FU1UA1AR86,1005-1,Reflective Pet Collar,Whirly Twirly Toys,Orange,99.53,Free
1P68F92ED83,1008-1,Wireless Headphones,TechElite,Gray,3379.56,Default
8F21FW6HR22,1008-1,Fitness Tracker,TechElite,Black,374.62,Default
3QM2QJ2PD04,1008-1,Laptop Computer,TechElite,Silver,3970.68,Default
8CU1RU6NP44,1008-1,E-Reader,TechElite,White,1107.83,Default
5CX6FJ6QV35,1008-1,Action Camera,TechElite,Gray,3463.39,Default
3J07HV4HJ69,1008-1,Tablet Device,TechElite,Black,1889.64,Default
9MV7Y04QY27,1008-1,Smart Thermostat,TechElite,White,3458.64,Default
6M32W77QE04,1008-1,Wireless Security Camera,TechElite,Black,2867.64,Default
5DM0JQ4WC42,1008-1,Smart Mirror,TechElite,Gray,4033.46,Default
6J05DK5NE29,1008-1,Portable CD Player,TechElite,Black,2221.48,Default
6QJ3F13UM57,1008-1,Smart Ring,TechElite,Black,4582.8,Default
4D17HD6QN38,1008-1,Wireless Barcode Scanner,TechElite,Gray,1128.45,Default
5K13H42VN39,1008-1,Smart Kitchen Scale,TechElite,White,2564.18,Default
2KY4N56FK00,1008-1,Gaming Console,NovaTech,Black,3846.58,Default
4CW5UP7QD44,1008-1,Gaming Headset,NovaTech,Black,1907.41,Default
1MG5J33DQ09,1008-1,Gaming Controller,NovaTech,Black,78.92,Default
1EF1H46JK87,1008-1,Handheld Gaming Console,NovaTech,Black,104.3,Default
5TJ3EK4JJ51,1008-1,Smart Doorbell,FutureTech,Black,174.12,Default
8XE6XV0DA95,1008-1,Streaming Device,FutureTech,Black,184.98,Default
7DR8XM6HT35,1008-1,Smart Picture Frame,FutureTech,Black,6.86,Default
2CP1RC9KY88,1008-1,Smart Lock,FutureTech,Gray,116.92,Default
6YD5PR4MN09,1008-1,Smart Backpack,FutureTech,Black,120.62,Default
6W53XX0VH98,1008-1,Smart Wristband,FutureTech,Black,312.64,Default
6AX0KU2YW33,1008-1,Wireless Mouse,GigaGadgets,Black,63.47,Default
7WY7AR5WT83,1008-1,Home Security Camera,GigaGadgets,Black,222.7,Default
1TT9QH4NY95,1008-1,Smart Plug,GigaGadgets,White,283.51,Default
6MG9MC2NG59,1008-1,Electric Scooter,GigaGadgets,Black,130.34,Default
3HC3EC7NF29,1008-1,Fitness Smartwatch,TechElite,Black,234.28,Default
9XQ5VV5EW76,1008-1,Wireless Earbuds,TechElite,Black,218.25,Default
8MF3HR6NM68,1008-1,Smart Scale,FutureTech,White,180.87,Default
3GF0QP5XQ14,1008-1,Streaming Stick,FutureTech,Black,138.22,Default
5RJ0EP2PT86,1008-1,Smart Oven,FutureTech,Black,277.76,Default
9EU9K95PG07,1008-1,Home Assistant,FutureTech,Gray,93.12,Default
8T40TJ8WA84,1008-1,Smart Garage Door Opener,FutureTech,Black,119.59,Default
8D46HR8PT17,1008-1,Gaming Headphone Stand,NovaTech,Black,71.79,Default
2YJ3YN2DP45,1008-1,Gaming Desk,NovaTech,Black,207.91,Default
1VA4GW7TK38,1008-1,Virtual Reality Gloves,FutureTech,Black,108.98,Default
1D22FP6FQ23,1008-1,Smart Thermostat,FutureTech,White,17.86,Default
6G57MM7UX85,1008-1,Smart Door Lock,FutureTech,Black,184.77,Default
8M06AA7FW06,1008-1,Smart Speaker,FutureTech,Black,230.77,Default
6FH4QC2XJ70,1004-1,Cozy Floor Rug,LuxeLiving,Brown,363.06,S
6EC4AF8XH81,1004-1,Fluffy Floor Rug,RusticCharm,White,204.21,XL
3PQ4YQ9XV54,1004-1,Sheer Curtain,CozyHaven,White,34.88,L
9KX3R82XH17,1004-1,Soft Bed Sheet,LuxeLiving,White,20.68,XL
7R97M49JX93,1004-1,Cotton Bed Sheet,ArtisanHome,Ivory,250.78,S
4DA2QM4VC71,1004-1,Linen Bed Sheet,LuxeLiving,Gray,183.37,M
1AT9FC6UN05,1004-1,Satin Bed Sheet,LuxeLiving,Champagne,317.46,L
3PX2RJ1RY98,1004-1,Fitted Bed Sheet,LuxeLiving,Navy,125.79,S
2PF4YF0XN09,1004-1,Floral Bed Sheet,RusticCharm,Pink,278.3,L
3D28T37MH89,1004-1,Striped Bed Sheet,LuxeLiving,Gray,3.28,XL
1KT1CG4EU68,1004-1,Embossed Quilt Cover,LuxeLiving,Beige,49.5,M
9Y46P59HU11,1004-1,Printed Curtain,CozyHaven,White,171.18,L
3N62GK6AA99,1004-1,Embroidered Curtain,ArtisanHome,Beige,373.82,S
9KY0Y40XF72,1004-1,Linen Quilt Cover,ArtisanHome,Natural,313.12,M
3QF3FJ5EU94,1004-1,Plaid Quilt Cover,ArtisanHome,Red,38.01,XL
8C58TU5PE76,1004-1,Checked Quilt Cover,RusticCharm,Black,135.47,S
5YH4Q69RQ72,1004-1,Fringed Cushion Cover,CozyHaven,Beige,365.21,M
8P71FQ3EY86,1004-1,Knitted Cushion Cover,ArtisanHome,Green,378.41,L
3R39UV8HH22,1004-1,Velvet Cushion Cover,ArtisanHome,Silver,120.37,M
9M98T18UE75,1004-1,Crochet Cushion Cover,CozyHaven,Black,90.81,XL
9NT8MY7YJ09,1004-1,Tonal Cushion Cover,CozyHaven,Blue,356.57,L
9U13KC2FP38,1004-1,Abstract Cushion Cover,CozyHaven,Multicolor,241.28,M
3DV0EA6HX07,1004-1,Industrial Table Lamp,ArtisanHome,Gray,100.5,M
5TD5FY6VD00,1004-1,Art Deco Table Lamp,RusticCharm,Gold,124.71,XL
3UQ6JC1FJ55,1004-1,Ceramic Table Lamp,RusticCharm,Gray,287.82,L
2K90F96PU95,1004-1,Marble Table Lamp,RusticCharm,Gray,273.68,M
8YX4VY7CV78,1004-1,Metal Table Lamp,EvergreenDecor,Silver,72,XL
7HR0PQ5VU71,1004-1,Antique Wall Mirror,LuxeLiving,Gray,196.16,M
3U13J03GT52,1004-1,Round Wall Mirror,ModernNest,Silver,210.11,XL
5H28Q77YH37,1004-1,Oval Wall Mirror,LuxeLiving,White,335.47,S
2HM8QV5KF10,1004-1,Rustic Candle Holder,ModernNest,Brown,237.85,XL
2YF8RW6WM92,1004-1,Geometric Candle Holder,ModernNest,Brown,170.7,S
1W01T69JE65,1004-1,Wooden Candle Holder,LuxeLiving,Silver,9.89,M
3GV7G81TW32,1004-1,Ceramic Candle Holder,ModernNest,White,180.02,M
5W60EF8NC85,1004-1,Marble Candle Holder,LuxeLiving,Gray,272.32,L
9YC9YR2JD59,1004-1,Corner Wall Shelf,ModernNest,White,184.58,XL
7QT1T38CQ83,1004-1,Industrial Wall Shelf,EvergreenDecor,Gray,233.12,M
1NX6H09YQ01,1004-1,Cubby Wall Shelf,LuxeLiving,Oak,364.56,XL
3GJ4V29TU28,1004-1,Gallery Wall Shelf,ModernNest,Espresso,31.53,L
6EW8P82DX52,1004-1,Zigzag Wall Shelf,EvergreenDecor,Gray,317.67,XL
8FX4N95KR37,1004-1,Succulent Plant Set,ArtisanHome,Assorted,246.38,Free
4WV8UE2MG42,1004-1,Fern Plant Set,ArtisanHome,Green,379.96,Free
5HC2NX5MK84,1004-1,Orchid Plant Set,EvergreenDecor,Purple,102.82,Free
4CF9AF4XA40,1004-1,Boho Wall Tapestry,RusticCharm,Beige,23.96,L
7TW0V34AQ54,1004-1,Floral Wall Tapestry,RusticCharm,Multicolor,67.64,S
8K16YR8YR84,1004-1,Minimalist Wall Tapestry,EvergreenDecor,Gray,364.42,L
7D27VR1JU52,1004-1,Contemporary Wall Tapestry,EvergreenDecor,Teal,90.63,XL
7VE3N87RX07,1004-1,Antique Wall Hook,EvergreenDecor,Bronze,333.36,S
6YN6MU7XN42,1004-1,Vintage Wall Hook,RusticCharm,Brass,9.87,M
5H50PH9ER98,1004-1,Modern Wall Hook,RusticCharm,Silver,18.57,XL
3D78VD0UW70,1004-1,Floral Wall Decal,SerenitySpace,Pink,235.5,Free
6WC7WC7HJ83,1004-1,Typography Wall Decal,SerenitySpace,Black,368.58,Free
5CT8J76PU92,1004-1,Botanical Wall Decal,ArtisanHome,Green,189.06,Free
9KJ7PC5KR59,1004-1,Animal Wall Decal,ArtisanHome,Blue,121.88,Free
6DP7HG3CQ11,1004-1,Minimalist Wall Decal,RusticCharm,White,380.1,Free
7F70TQ9CN22,1004-1,Ceramic Vase Set,RusticCharm,Assorted,52.95,Free
7E76VV3JA79,1004-1,Glass Vase Set,RusticCharm,Green,307.15,Free
6FA1RE4WG80,1004-1,Metal Vase Set,EvergreenDecor,Green,187.04,Free
9YW3WM0YQ23,1004-1,Wooden Vase Set,CozyHaven,Purple,47.32,Free
3QQ2X11MX98,1004-1,Marble Vase Set,SerenitySpace,Beige,73.14,Free
9T24WQ4AW08,1004-1,Vintage Tray Set,CozyHaven,Gray,316.35,Free
3UP4W84HA40,1004-1,Bohemian Tray Set,SerenitySpace,Black,70.45,Free
1Q00U79RQ92,1009-1,Coffee Maker,EcoLiving,Black,108.73,Free
5DR1M38YW11,1009-1,Stainless Steel Water Bottle,GreenHome,Silver,170.69,L
2RC7Y26TM64,1009-1,Ceramic Mug Set,Nature's Way,White,138.89,Free
1JC5W24PJ52,1009-1,Non-Stick Cookware Set,Earthy Essentials,Gray,28.95,Free
1GJ8UA4WH44,1009-1,Glass Food Storage Containers,Sustainable Solutions,Clear,302.14,L
5MN2A10FG43,1009-1,Bamboo Cutting Board,PureBamboo,Natural,329.57,Free
4FN1XJ1QF33,1009-1,Organic Cotton Towel Set,GreenHome,White,13.03,Free
3N92UU3KG10,1009-1,Essential Oil Diffuser,Nature's Way,White,125.93,Free
7W49Q79AH15,1009-1,Aromatherapy Candles,Earthy Essentials,Ivory,313.79,Free
9RJ2QK3DE37,1009-1,Handheld Milk Frother,Sustainable Solutions,Silver,79.26,Free
5J15H38WH46,1009-1,Cloth Napkin Set,EcoLiving,Beige,70.24,Free
4DX8P08KE60,1009-1,Glass Meal Prep Containers,Nature's Way,Clear,313.6,Free
7V35PF7FA81,1009-1,Eco-Friendly Dish Soap,Sustainable Solutions,Clear,114.07,Free
6N29QJ2JV21,1009-1,Beeswax Food Wrap Set,Organic Choice,Yellow,74.29,Free
8VJ8PX2KH93,1009-1,Silicone Baking Mat Set,EcoLiving,Gray,146.74,Free
1FV3NC3ND01,1009-1,Reusable Silicone Food Storage Bags,Nature's Way,Clear,146.42,M
3NH1QX2AU14,1009-1,Bamboo Toilet Brush Set,PureBamboo,Natural,244.42,Free
8DV4JJ5MJ82,1009-1,Stainless Steel Travel Cutlery Set,Organic Choice,Silver,37.98,Free
3KK7C45QD90,1009-1,Reusable Silicone Baking Cups,Earthy Essentials,Multicolor,147.38,M
3RP5J00EF93,1009-1,Wooden Salad Bowl Set,Sustainable Solutions,Brown,243.62,Free
5RP2HA7XD88,1009-1,Bamboo Hair Brush,PureBamboo,Natural,79.38,Free
7XR1KY0NP64,1009-1,Silicone Stretch Lids Set,Sustainable Solutions,Multicolor,54.37,Free
7D09QR6MQ04,1009-1,Reusable Cotton Swab Set,Sustainable Solutions,White,197.31,Free
5Y48F97CT45,1009-1,Bamboo Desk Organizer Set,PureBamboo,Natural,105.47,Free
9V04GW8VU41,1009-1,Stainless Steel Water Filter Pitcher,Nature's Way,Silver,177.31,Free
3N11EW5UN36,1009-1,Silicone Stretch Wrap Set,Earthy Essentials,Clear,209.19,Free
3AK6WP3RM41,1009-1,Bamboo Bedside Caddy,PureBamboo,Natural,233.07,Free
1KY4KP6FT10,1009-1,Glass Storage Jar Set,EcoLiving,Clear,121.32,Free
2G41RK5AM89,1009-1,Glass Spray Bottle Set,Earthy Essentials,Clear,7.78,Free
9GH0U79HG66,1009-1,Natural Fiber Dishcloth Set,Earthy Essentials,Beige,196.77,Free
6R31D53AQ14,1009-1,Bamboo Clothes Drying Rack,PureBamboo,Natural,76.4,Free
4E80AQ2RY02,1009-1,Stainless Steel Salad Spinner,EcoLiving,Silver,238.85,Free
8G91U37YX34,1009-1,Eco-Friendly Reusable Cups,GreenHome,White,130.32,Free
8KF3W63XT06,1009-1,Stainless Steel Drinking Bottle,Sustainable Solutions,Silver,287.91,Free
3F69E32TG10,1009-1,Bamboo Utensil Set,PureBamboo,Natural,317.11,Free
9E26TM8WE61,1009-1,Glass Meal Prep Bowl Set,Nature's Way,Clear,120.45,Free
3N65UG9YV09,1009-1,Stainless Steel Measuring Spoon Set,Earthy Essentials,Silver,278.17,Free
5J29RW9EP00,1009-1,Eco-Friendly Silicone Food Storage Bags,Organic Choice,Clear,153.21,XL
3KV3WC0CU51,1009-1,Bamboo Drawer Organizer Tray,PureBamboo,Natural,245.33,M
4DA6GQ9DN85,1009-1,Eco-Friendly Laundry Detergent,Earthy Essentials,White,75.14,Free
8MM7MP4PW79,1009-1,Bamboo Toothbrush Holder,PureBamboo,Natural,176.84,S
6A24FN8QP00,1009-1,Glass Water Bottle with Silicone Sleeve,GreenHome,Clear,30.73,Free
