shipment_id,shipment_method,shipment_status,saddress_id,order_id
YQO-52820,parcel,shipped,A-YQO-52820,0063c3f4-a9d2-44f4-a898-8a82cc7adb48
MZY-97101,overnight,shipped,A-MZY-97101,9b990dda-d23d-43bb-8963-44bd5eedcfec
DVX-48074,truckload,returned,A-DVX-48074,78d322cf-4f26-470a-83ce-ff952861e387
UPX-82874,priority,delivered,A-UPX-82874,037b0c7e-2ef2-430f-adf7-45da6ca0293f
QJM-66746,freight,delivered,A-QJM-66746,d2911951-1be8-4e3d-9115-536f9960f334
AER-75825,express,out for delivery,A-AER-75825,7a03e686-1df4-44c9-a446-6f665a5205f6
DZW-28249,parcel,out for delivery,A-DZW-28249,579f58ac-e460-4b9f-9db5-ec706c87d7f1
KHY-06895,overnight,delivered,A-KHY-06895,b428b469-f18d-4ade-80f5-0edf7328bb57
TSC-55128,courier,shipped,A-TSC-55128,e5f855e2-7cff-4833-a61e-d5dc23cf4752
EDH-52214,overnight,out for delivery,A-EDH-52214,cf9e74e7-707a-4cb2-add6-9396313c29bc
WRV-18235,parcel,returned,A-WRV-18235,a320c3ac-2f29-457a-9e22-96baf26d1b94
PLN-37821,airmail,out for delivery,A-PLN-37821,d1790dc2-820a-4e2e-bd7b-154b8478952f
ZNY-61995,standard,out for delivery,A-ZNY-61995,3a0c3604-e93f-48f5-afc2-905509742075
PZH-12199,courier,returned,A-PZH-12199,ce80282e-ed92-47bd-a1e8-17b59ecfe05e
OLO-68598,priority,delivered,A-OLO-68598,084179ae-4f5a-4628-8ed4-ca21580412d4
CII-71756,airmail,delivered,A-CII-71756,b45ba3c5-f2de-422c-afdf-b37a2e441e5c
SJM-44248,courier,out for delivery,A-SJM-44248,d189bf2f-066a-4908-a7a7-a2627c71a475
ZWO-63002,standard,shipped,A-ZWO-63002,904f0235-7258-47d6-b6a7-4ba055d45727
RGE-11387,parcel,shipped,A-RGE-11387,0e2be5eb-a420-49e4-9fb3-13584e822918
LIJ-70784,priority,returned,A-LIJ-70784,c2afbc96-01d7-455e-abbf-298508f036f5
MGV-82071,ground,out for delivery,A-MGV-82071,53bed10b-1ac4-4844-b1f0-48e8ff72a864
BLA-77049,airmail,delayed,A-BLA-77049,99eb0aa8-b0e4-4899-b994-7a59a89e232a
HKC-81549,overnight,shipped,A-HKC-81549,e91cc107-657f-47d4-9ea0-806e33fa5c11
WIQ-37638,overnight,delivered,A-WIQ-37638,b3e3e1f5-f2ce-4156-9113-ea2978bb6ce6
ERP-50812,express,shipped,A-ERP-50812,0cb125b7-839c-4a34-ba8b-84043cf200ce
DTA-38295,courier,out for delivery,A-DTA-38295,a737f024-514c-42e0-8802-8d4f7d12d217
XUM-14431,parcel,shipped,A-XUM-14431,1105602b-dd43-43eb-8f3b-932aaf84497b
ZLP-47495,parcel,returned,A-ZLP-47495,264eba37-9deb-4f19-a53b-5563a2754cf8
WST-47759,overnight,shipped,A-WST-47759,99251fdb-0128-42f3-91f8-f131defcc16b
FUE-24960,ground,delivered,A-FUE-24960,31e36f56-ddb9-46b9-9063-b75a2f3921e3
TXB-31696,airmail,delayed,A-TXB-31696,fc1cb3e7-e173-4da3-8819-31a03c7518c6
ERF-40305,freight,shipped,A-ERF-40305,a8ef24bb-c6c9-451b-bfb6-da8c2fdc400e
GZA-71961,courier,shipped,A-GZA-71961,c97fd055-02ef-474d-a5d5-804ebe79f74d
SKK-01686,overnight,delivered,A-SKK-01686,db99ac7f-fedc-49fe-8015-2cc9ff9680fc
YKW-03203,airmail,shipped,A-YKW-03203,8427bf66-0e0a-47ba-bbf5-8932658de6f0
HJX-04732,standard,shipped,A-HJX-04732,1e74a4b1-4268-4c98-82ae-f82d74dc94aa
BJZ-87355,priority,delivered,A-BJZ-87355,c5f43655-1256-4d84-a4e3-3b74ee87ab57
VBG-11058,parcel,shipped,A-VBG-11058,1dccb836-f17a-472f-8a20-c0418cc9d995
SFE-63606,priority,returned,A-SFE-63606,5ec2df0c-66df-4bc3-b6eb-95e2ea4e7134
IPL-88269,truckload,returned,A-IPL-88269,535b058a-8dda-4d2f-a2eb-562898920871
YRZ-56124,truckload,delivered,A-YRZ-56124,bac04b5c-d27e-435a-b94c-c227a920061d
OUP-63969,priority,delayed,A-OUP-63969,5c1df8e4-687a-410b-b251-c86b776b1d28
LJS-06290,courier,delivered,A-LJS-06290,ae55a155-a0c9-45d1-b38f-7b93b7b0c5e1
OIW-64264,standard,out for delivery,A-OIW-64264,e742c35e-972f-4aee-b434-54161a311721
GID-45026,freight,out for delivery,A-GID-45026,04fb44c4-9197-4e8a-a72a-0161da4e0b49
RDQ-51888,standard,delayed,A-RDQ-51888,1050a94c-315c-4047-8c67-e3aab5571464
NNQ-99937,ground,shipped,A-NNQ-99937,754bfff9-261d-4029-8343-ccef21fa40db
IKI-50846,ground,returned,A-IKI-50846,86914a12-71d4-4284-8e07-1b639fae1054
ALP-05362,overnight,out for delivery,A-ALP-05362,c061c5c6-c26c-4bfb-960a-fae375154018
RFD-71098,airmail,shipped,A-RFD-71098,7b1a1f9a-4f86-43bd-b98d-d915272cdace
BLM-91894,express,returned,A-BLM-91894,69e4c92f-421a-4176-b1d1-dacce88e46c8
YXW-52195,express,delayed,A-YXW-52195,1504131b-47f5-48c5-9425-16a37a0bc875
LKR-14186,express,returned,A-LKR-14186,4c044531-dab0-40bc-a744-10c65df72340
SDF-44750,standard,delivered,A-SDF-44750,7124e51d-049a-4120-99cd-258965f9bc5c
RNK-09952,freight,returned,A-RNK-09952,a027fa1d-7208-4a22-814a-d99b712e6ac4
YWW-52330,standard,returned,A-YWW-52330,6d6fd9f4-6b5e-4c00-90fc-a3fc4ba6a474
IWQ-01758,ground,returned,A-IWQ-01758,3b6745da-2e55-4163-acb7-c75412f03fe9
WMX-53940,priority,delivered,A-WMX-53940,8f4b9183-e225-434b-8b6b-0b4ab67e1b8e
ZYV-65424,airmail,delayed,A-ZYV-65424,2fbe07f7-8034-4bf2-ab70-a1d9f1d9b75e
ARF-13786,freight,out for delivery,A-ARF-13786,0716171c-fe6f-4045-8eaa-593eada725d7
RNI-70591,standard,shipped,A-RNI-70591,51ae41aa-96c7-45b1-aa71-4b4f260ea6ef
RLN-58184,parcel,delivered,A-RLN-58184,068a6d3a-4e54-49fb-94f1-6bf2d0b46e69
KJM-95093,overnight,delayed,A-KJM-95093,44365432-301b-46c6-b588-e788c2368bdd
MFZ-15865,priority,returned,A-MFZ-15865,d005bc9b-65d6-47a5-80a6-d4a8eeb2eb33
SOW-06472,parcel,shipped,A-SOW-06472,f104bf61-f61f-4bd8-8976-6f473b9fbbfc
ORC-14738,airmail,returned,A-ORC-14738,699b02a5-f289-46c5-bfb1-71f9df910686
NGT-46053,airmail,returned,A-NGT-46053,7af0f4ff-b3f0-49d2-a836-98cc3d35efc6
SGC-23944,express,delivered,A-SGC-23944,c284bdae-1ef3-4d11-bafd-c0da9445a0fb
NTC-82271,courier,shipped,A-NTC-82271,5ab938e7-fb45-42b3-86b2-773a9b6c3876
GXJ-48709,express,out for delivery,A-GXJ-48709,6755a79f-e50b-4126-af54-d01a793b9739
ZRG-63495,truckload,returned,A-ZRG-63495,9a3ebaab-484a-420f-8b7e-425775bc13bc
VPA-46238,freight,out for delivery,A-VPA-46238,d2c7f3a1-222d-4589-8d0f-c6913ff7294f
LHO-05328,parcel,returned,A-LHO-05328,66d892f7-dbbb-4bf2-bb72-80e8ff87839e
WQZ-27159,truckload,delayed,A-WQZ-27159,0fd247a5-cc17-4e6e-9ce4-f6f33c3ea15b
UYM-25095,overnight,returned,A-UYM-25095,74248f26-84a8-42a2-a04e-b612580e7869
JTZ-25899,express,delayed,A-JTZ-25899,0d368843-6b08-4f86-930c-2933a84c0abd
CCL-00740,overnight,delayed,A-CCL-00740,f95fe9d7-71bf-49cf-8644-a9a995c0421f
FAW-51424,overnight,delivered,A-FAW-51424,5aa700dc-67c2-4b3f-a982-88c618ff5172
ODE-50455,standard,shipped,A-ODE-50455,9fec3bef-7a0e-4310-873a-f4e1ff38f3bb
SSY-40316,standard,returned,A-SSY-40316,59e157f4-6b85-4cc2-80f1-144f191910da
XOW-72664,parcel,out for delivery,A-XOW-72664,9acf9bf9-9a80-40c6-97ec-8a22dd450c4a
FKM-85259,overnight,delayed,A-FKM-85259,1b75abcb-b85f-421e-8ac3-1c33324abc98
YQR-56534,express,delivered,A-YQR-56534,7523101d-a020-4729-a593-133abfba6030
LAT-08036,truckload,delayed,A-LAT-08036,7c3e08de-f9e5-4691-abad-1af10a515a89
ZRM-63504,courier,shipped,A-ZRM-63504,fa1af6e4-3cd2-434b-bf0b-57d54571db2d
AFM-48725,airmail,out for delivery,A-AFM-48725,6fc26b69-78cd-4230-a2dc-6433b7444e1b
YMO-28743,express,delayed,A-YMO-28743,99129497-1696-4454-9489-e69d6e5533fd
XEH-13611,standard,out for delivery,A-XEH-13611,154196fb-f9fa-4d6a-b9e1-09ebbfc2cfc6
MFL-86943,freight,returned,A-MFL-86943,302a9db4-8cb8-4df8-a2d5-624fe6fdb8ef
SWL-33136,standard,delayed,A-SWL-33136,f3edbf27-d465-4261-8ab1-d791a558e0f9
GUI-93614,priority,delivered,A-GUI-93614,26908641-c500-40ca-bee8-40d9bfec3b95
NKC-85551,truckload,shipped,A-NKC-85551,e93c466b-9159-4d75-b6a1-e6f33d4ffebd
OWW-24046,parcel,shipped,A-OWW-24046,244463b8-c29c-4184-95cd-c671dfaa865b
GAG-90322,freight,out for delivery,A-GAG-90322,6b515a5a-75c9-4e92-a255-6ab5175b047f
VRD-08242,express,delayed,A-VRD-08242,c495f30b-38bd-4266-915c-01a4db65ea94
REO-63491,standard,delivered,A-REO-63491,c025f12a-38a9-4df9-9311-bcf303d131d0
LDN-83295,ground,delayed,A-LDN-83295,a8b48fbe-7262-4f87-9d51-630635723c81
SSQ-62799,overnight,returned,A-SSQ-62799,c205516f-ba34-4313-8b59-f01d63b84533
IFS-92167,ground,delayed,A-IFS-92167,1c52bcbb-90b7-4f45-a063-396d95d0bdaa
YIM-09350,express,out for delivery,A-YIM-09350,b6529c0c-9458-4248-9bc3-0e140c46c87e
RFX-29943,express,delivered,A-RFX-29943,7b93be0b-618b-47da-9085-e95e5ed066ec
HYJ-55966,express,returned,A-HYJ-55966,092f1da5-82df-4b3b-803a-ef9417f13453
ROA-96332,ground,out for delivery,A-ROA-96332,ce4ad189-0674-45e9-9b6e-5cbaa0f1418a
UVN-73621,parcel,out for delivery,A-UVN-73621,e6504485-4c38-47b7-a21a-b4419d5aef76
ZKG-23440,standard,returned,A-ZKG-23440,c856f620-c19a-48e9-8dc0-ed92e51d6d27
BOC-00085,parcel,delivered,A-BOC-00085,8ee0c254-2fb9-4977-8b88-52ef4ffa576f
QJG-65032,standard,returned,A-QJG-65032,fa28c437-b844-4b32-963d-b94e1f414258
IZS-22890,courier,returned,A-IZS-22890,0b21b4e1-46bc-41e2-8e06-63328517fffc
HNL-80787,truckload,shipped,A-HNL-80787,2688a7de-b55d-446b-941b-e14b53e82766
KXR-00462,parcel,delayed,A-KXR-00462,f2a8a734-8132-4f69-891f-3c66cc50c586
MGC-06913,priority,out for delivery,A-MGC-06913,16145ec9-9895-4681-b6d3-386d7bad5a90
KBK-53741,standard,out for delivery,A-KBK-53741,bfa8914a-77ff-42e2-80ba-f63827ea85cc
TUO-44400,priority,out for delivery,A-TUO-44400,99576ebd-a46f-4ec7-aae5-d75492992053
WLZ-69674,priority,shipped,A-WLZ-69674,131e890e-8f2b-45e3-8b32-262d470251d2
KSB-84452,courier,delivered,A-KSB-84452,9a97f521-f1e6-45c7-9dc1-2700cbcd996c
SHU-74025,airmail,returned,A-SHU-74025,50ea3db8-4e01-4379-87fb-d720cde4a1b4
OJX-06185,parcel,out for delivery,A-OJX-06185,1ca3c6ab-553d-47c9-bd1a-a4983f54f207
DKJ-73860,truckload,delivered,A-DKJ-73860,62f043fc-0f47-45f9-8e46-d4a1a1628f09
QZW-01517,express,delayed,A-QZW-01517,fa4a0f9a-9d4f-4afd-b0b7-46afd37c5171
XQT-02648,freight,delayed,A-XQT-02648,93a1e10b-ba14-4744-88cc-ff5bec54879b
PXD-73061,truckload,delivered,A-PXD-73061,e0c9b8e0-ad6f-413e-b880-a53456b3f8ba
RBU-85152,express,returned,A-RBU-85152,c6d42617-7722-413d-a4df-38167339ba3b
XVF-43095,overnight,returned,A-XVF-43095,19f6b889-d1b4-4c0a-8b25-ea82c0c6d274
NGP-01097,airmail,returned,A-NGP-01097,d5fc3231-9df2-4d96-b127-824e82c7b680
QPM-56476,parcel,delayed,A-QPM-56476,4b11ac3e-c052-4376-a121-03912ce9d16b
ZMX-81399,truckload,delayed,A-ZMX-81399,ea77a4a9-f974-4fb6-821c-63d06e42d0a8
LSV-01576,parcel,delayed,A-LSV-01576,fa9eb63a-a9dd-4c15-add7-924956e00f64
ZLV-65190,courier,returned,A-ZLV-65190,68cb2be9-a9cb-4d3d-92a7-daf60e5e8818
IDV-64946,overnight,shipped,A-IDV-64946,5a9cf955-c339-46db-9a97-fd10573afd26
IQL-16620,standard,delayed,A-IQL-16620,f42731d7-f0a1-4330-90a8-2146f215202a
DML-93628,ground,delivered,A-DML-93628,c17c68ce-26d7-43ef-9900-b2733aa876a1
HAS-64357,parcel,returned,A-HAS-64357,d9f01bc0-cc27-4dcd-8f5e-f5bd111778a6
QPO-65411,courier,delivered,A-QPO-65411,6c3ac051-9d6a-43e2-89d8-f98df4258976
YTF-04965,standard,delayed,A-YTF-04965,55b78c96-8e9c-4ddf-9593-00ae8ef753e2
RDW-52199,ground,returned,A-RDW-52199,05063da1-5a7f-48b5-8f15-456c98341753
SKJ-61914,parcel,out for delivery,A-SKJ-61914,7b7f5e4b-3deb-408c-83ce-ae9a24252a8d
ZVG-59252,standard,out for delivery,A-ZVG-59252,873ec01a-c026-448d-b041-361e5130ce4c
RZK-11013,courier,delivered,A-RZK-11013,ec9da623-1807-491b-a0e4-21be90c6cd8e
XBQ-28470,standard,returned,A-XBQ-28470,765b7879-1378-4ac6-8334-db6ac5079872
YFU-19025,ground,delayed,A-YFU-19025,ca005e65-dae7-41be-b5de-fae29ff0cf0d
SJX-57144,priority,shipped,A-SJX-57144,6dd289a7-ec62-4a08-a8c8-ec24b0e938cf
CID-18442,standard,delivered,A-CID-18442,03a94f50-4a27-4ae7-8953-41fea5b04a57
UDP-97335,airmail,shipped,A-UDP-97335,f04bdd09-5461-4535-9213-1d320d47c213
QOU-55133,truckload,delivered,A-QOU-55133,72ca6b30-55d0-4909-b3ec-7a224b60d22b
RMJ-64576,express,returned,A-RMJ-64576,6247d169-8b77-47c1-802c-5460e8f2ad39
THM-00750,express,shipped,A-THM-00750,1618d4f8-624b-4221-9cf8-db021d89fefe
GHU-85025,freight,returned,A-GHU-85025,668a875e-b3c2-4424-b113-79e83c7ecdf5
URE-43339,ground,shipped,A-URE-43339,55d9d77c-3032-4f67-a5c8-74307e84164e
TOU-22688,truckload,shipped,A-TOU-22688,01e5df37-fc0f-4090-9763-8d11666c3bfe
WQW-52009,overnight,shipped,A-WQW-52009,99a1c3c1-9d14-48db-a624-b52ee0855c04
EUA-00391,priority,delivered,A-EUA-00391,665c0b45-46b4-43bf-a782-adda0f0d9b32
QJD-79529,truckload,delayed,A-QJD-79529,c7c7e3ee-bb61-4924-bf15-82ca919af1a7
XLK-23602,ground,returned,A-XLK-23602,bee235af-69d1-4b45-ab50-38fb793aaaea
WXU-92623,express,out for delivery,A-WXU-92623,844c7373-cafe-40eb-9045-be0a38a5f487
VRR-55675,freight,returned,A-VRR-55675,e11f1f58-7ded-4d57-b2ec-677fde0f716a
GNH-00215,overnight,delayed,A-GNH-00215,89dac2fc-2f52-42a9-bba2-14cbf448e8e7
IIZ-28489,courier,out for delivery,A-IIZ-28489,7193afd9-6d20-41c3-818e-d8a7c08bd31c
PAI-74178,parcel,delivered,A-PAI-74178,1e0c7d1c-b835-4023-be84-280f47d0421e
GJB-23307,ground,returned,A-GJB-23307,72c4e818-8da3-4b90-ada8-6bf231f4ad4d
DRV-03457,airmail,delayed,A-DRV-03457,96964336-0a6d-4567-ad5d-f3ed4ec90c9e
BQE-90336,standard,delayed,A-BQE-90336,33de08ab-542d-4a11-b2ed-f321fe3da7fe
VTJ-89871,ground,out for delivery,A-VTJ-89871,702e53ac-54c8-49b4-9a5b-f5d9543eb34f
RMR-71399,parcel,delivered,A-RMR-71399,b58a4d9e-cfb3-44c6-bfca-39dc45592688
RWB-58072,truckload,returned,A-RWB-58072,aed05b1e-1c1a-491f-879b-98d26d364e97
SHM-93145,truckload,delayed,A-SHM-93145,113d8efd-2de4-4146-96f0-8b745a01c523
THT-73413,ground,delayed,A-THT-73413,d5f10200-9658-4cc1-96aa-da7e4691598d
TFA-82905,express,delivered,A-TFA-82905,9d23446f-832b-4f33-b26d-988bea64adc3
TKV-49782,express,shipped,A-TKV-49782,540b17b0-246a-470e-a502-5c37fd36c669
MSQ-68745,priority,out for delivery,A-MSQ-68745,2a61a2e8-756a-4354-907b-b6d5d173a7df
RXD-79955,express,out for delivery,A-RXD-79955,020b84c1-e10d-4d36-8a5f-07901e40a66a
HSP-66132,airmail,returned,A-HSP-66132,e1515de9-3d38-4779-90a7-94cd3a89a891
IRR-81268,priority,out for delivery,A-IRR-81268,aa2eb9f3-308b-40ee-bf4c-beda60667419
VTX-04975,priority,out for delivery,A-VTX-04975,565b4daf-500c-44d3-925c-d40a3ab0f507
GMO-32903,priority,delivered,A-GMO-32903,23b87ff6-00d9-4af9-a6c3-c87e93eb7663
LGF-47626,courier,delayed,A-LGF-47626,ecf3b076-8ffe-45fe-afb0-466025eb6655
ZQZ-36830,ground,returned,A-ZQZ-36830,6c85bf96-4d70-42e7-b5c2-07d8a5c27118
PIZ-49895,priority,delivered,A-PIZ-49895,b30a4692-4dc6-41f4-a4aa-c08f5698b38f
XYV-82171,truckload,shipped,A-XYV-82171,12939a20-358c-44ec-becb-ad7f910fb863
QZP-77777,freight,delayed,A-QZP-77777,0da804bb-2619-426c-8164-a2989ca91594
MBA-72481,ground,out for delivery,A-MBA-72481,bc702672-9957-468c-8ab7-b811fac6c38e
QKF-92849,standard,shipped,A-QKF-92849,95ef95f5-f8a8-4786-b6df-8684b167a1ed
NEC-43945,airmail,delayed,A-NEC-43945,f1f9873f-7877-4076-9b60-d03c1a4be277
FXX-91880,courier,delayed,A-FXX-91880,2e98b09d-3216-495f-839e-6d4318c16083
PIE-74764,courier,delivered,A-PIE-74764,29de00f7-f6a6-4af0-a26d-81f971dd8a34
VCE-73700,ground,delivered,A-VCE-73700,9c08c616-d190-45a7-9d52-fafbbd0cb52c
GLF-37691,truckload,delayed,A-GLF-37691,79edfc29-3c3c-4e43-9598-5aa3ee4e1c5f
YWC-19526,priority,delayed,A-YWC-19526,4865492e-9db0-4e56-ab6c-6f4ca435d316
WKV-66631,express,returned,A-WKV-66631,805d58fd-fa84-47e2-a9f9-a65a7a8e95df
GKF-46248,freight,returned,A-GKF-46248,dc09d360-16b5-4f43-8bbc-27817770e778
NSS-06108,ground,returned,A-NSS-06108,fc5ebd84-bdf8-4b0b-a676-bfddfff72274
IFJ-85317,truckload,delayed,A-IFJ-85317,b2ecabc6-0010-4595-97f1-71b76b52436b
IRP-96502,truckload,returned,A-IRP-96502,8241e703-ea3f-40ee-af75-5b497984d358
FUD-98001,priority,delivered,A-FUD-98001,5240f33c-901d-4719-96f8-873b0a8cb5c3
LCT-86449,courier,delayed,A-LCT-86449,04eb5592-7525-42d9-a316-a494b4c8b997
BRW-14033,express,delivered,A-BRW-14033,04ba7863-1a42-445f-b929-cea693edd6a6
ALJ-55175,ground,delayed,A-ALJ-55175,90fb6f9a-c730-4db1-b4e4-fda003be2444
PKV-69417,truckload,delayed,A-PKV-69417,632c316c-c667-412d-925b-bc81ff826c7c
GGN-36996,freight,shipped,A-GGN-36996,c3c7dbe5-9a7f-442d-a0d1-b2f659b60ea7
YEW-68812,ground,out for delivery,A-YEW-68812,226f414e-61e4-4df0-9c12-4af17facf6b0
XFQ-21161,freight,delayed,A-XFQ-21161,cc6a3e55-f0a1-47b2-8271-0f5de6eb9d4d
EHK-08169,overnight,out for delivery,A-EHK-08169,08f6979f-de60-4e69-849e-7027ce25b701
CSP-24826,truckload,returned,A-CSP-24826,d2234d78-102b-45eb-8a51-017c2dd34363
SET-45973,courier,delayed,A-SET-45973,6e1c4d37-ffe0-4543-9b03-7cc21a9be116
ADD-61038,freight,delivered,A-ADD-61038,37f6713d-6759-4943-b437-0e98b97ece48
HVP-47038,priority,shipped,A-HVP-47038,e598f586-438b-49e1-a742-52c83b319007
OQN-32617,overnight,shipped,A-OQN-32617,afcbc0ae-f729-45b6-94d1-684f2641996b
YUU-89098,overnight,delayed,A-YUU-89098,d271ebf6-6626-4d76-899c-dbad889ac402
VDF-59082,express,shipped,A-VDF-59082,e4b090a0-79fe-4889-b20a-ac9e033d7222
BGC-35875,truckload,out for delivery,A-BGC-35875,6c4db882-1dd6-4e84-8101-e1077a840199
DPO-06454,parcel,delivered,A-DPO-06454,8dcf23cc-1ca3-4f68-9dfe-a0750a073bf6
ODB-15676,courier,out for delivery,A-ODB-15676,4294e2c5-5b9a-4669-9116-c5c00d42f701
KJA-27034,airmail,delivered,A-KJA-27034,338e5dfd-8a5e-4b61-bc1c-577f44dffacf
BNH-10962,airmail,delivered,A-BNH-10962,498e7172-0690-415d-90a9-0e25935f05f1
PTQ-64398,overnight,delayed,A-PTQ-64398,313fffcd-9e0d-4d03-9068-014a24f558d0
IPS-69541,truckload,shipped,A-IPS-69541,e827e388-51a4-425d-a154-38dbb954d082
XGY-83748,standard,out for delivery,A-XGY-83748,0b9fcb70-3357-4039-9794-1b4bd557f2e1
PEO-16001,ground,shipped,A-PEO-16001,0b8f53d5-6909-481e-8045-c43e8adcd4eb
EMV-75759,express,returned,A-EMV-75759,1d160eeb-686e-4de5-9cf8-b78c0032552e
OBM-73502,express,delayed,A-OBM-73502,7cfb751e-0eaf-46d0-96e5-1460697417ff
WBF-16879,freight,returned,A-WBF-16879,b73f81df-e534-47c0-ada0-e15525818bb7
RGR-11469,truckload,out for delivery,A-RGR-11469,30b9247d-ad22-4952-8df3-4b2da5678bef
LVG-79918,overnight,delivered,A-LVG-79918,e0985bff-af4e-4b0e-b5f2-c59a27b918c8
EJL-91111,courier,out for delivery,A-EJL-91111,5ac30415-f4ad-44f8-a070-c55e9a717d03
SVU-93791,overnight,delivered,A-SVU-93791,31146ac6-a8be-4911-b340-2ff027f4fb2a
RZW-26722,standard,returned,A-RZW-26722,aea7ed72-0ac1-4eb7-9f53-2a3b3004e403
ZWH-69069,truckload,delivered,A-ZWH-69069,67d2aaf4-fbcf-4308-b87e-5fc362750364
MZX-10370,parcel,shipped,A-MZX-10370,6db37062-08de-4384-a2f9-edebc63ce60e
MLT-95923,airmail,delayed,A-MLT-95923,0f39f308-7297-4976-8dfa-01ff1b53a703
GHF-09628,truckload,shipped,A-GHF-09628,7d81584f-d030-4074-b06f-f5563b49bc5d
RVZ-20037,airmail,out for delivery,A-RVZ-20037,cd043614-802e-4a07-9afd-1bc2fe95ec6a
OLG-83303,priority,shipped,A-OLG-83303,44730fa7-09bf-4e6a-9ed3-323dd95e0a25
DPT-44886,freight,shipped,A-DPT-44886,b51af595-7403-4feb-abe2-2afe1b4e3782
XVQ-22350,courier,out for delivery,A-XVQ-22350,4bea50d5-8b3e-4a7b-ab70-b3029928242a
IEB-59564,truckload,returned,A-IEB-59564,5b7869aa-5c5d-49e0-87ec-0f3fb8e5a1a1
HFX-27843,parcel,delayed,A-HFX-27843,7151b477-834c-448b-b73b-f5899f6a3422
JXQ-14185,ground,delayed,A-JXQ-14185,94df45ad-1d2a-4ce5-ab72-63f34e77b689
VAR-99444,priority,shipped,A-VAR-99444,8afa55b9-274f-4436-a636-2b1c4d4635a0
KNM-45949,courier,returned,A-KNM-45949,c78b18b1-7020-46e5-9565-2328a58bd88f
SNJ-93984,express,returned,A-SNJ-93984,4ef465eb-f76d-4ebd-8815-1d5fd595a5c0
VFD-81350,parcel,out for delivery,A-VFD-81350,7995aea4-1e1e-478a-ba97-7e3fe1e375e8
VIT-62611,courier,shipped,A-VIT-62611,a9cad87d-3780-45dc-9482-a00e21c51b76
MQU-23539,courier,delayed,A-MQU-23539,1ee7a5a4-6d36-4bb3-a591-15147c74b26a
FTB-74358,priority,delivered,A-FTB-74358,0c4bef1e-11f0-44cb-93bb-6d236438dc9c
TIZ-24782,airmail,delivered,A-TIZ-24782,485589fc-2a72-45f9-91d1-c58be1f1e90b
UFI-56226,parcel,shipped,A-UFI-56226,1ede96d3-48ad-479a-845f-d2ad68fa02e4
PBJ-42226,priority,returned,A-PBJ-42226,dd36d295-60cb-4556-8b0d-e04c2fa73c06
MQO-98534,priority,delivered,A-MQO-98534,990563bd-0a01-42f2-8a59-e8c2e3e91e99
ZUT-46446,freight,returned,A-ZUT-46446,99ed5a4b-205e-40fd-a84b-089ef63c0c38
KQL-73902,truckload,returned,A-KQL-73902,e9fb9b03-4829-4aeb-a18f-a6b9497fbbf6
JUT-18927,ground,out for delivery,A-JUT-18927,cfa3799c-820f-40d7-ba72-dc97b193f887
CEN-48020,freight,returned,A-CEN-48020,696b3e99-3e99-40ba-9b0c-9a9be44e3e66
TAW-66746,standard,delivered,A-TAW-66746,a30a0c91-23b7-480f-90bc-7a9ac9666715
CBS-73058,ground,out for delivery,A-CBS-73058,5d303738-0e00-4daa-aa21-94a688d8ac07
CLR-09109,standard,delayed,A-CLR-09109,ef9ad9ef-233b-4785-b2e0-af61ccc660b6
LAD-05633,courier,delayed,A-LAD-05633,7b744b2c-f323-4389-bc45-87548bf503fd
CGK-09378,overnight,delayed,A-CGK-09378,ed20ebb6-4448-4c0d-8d10-6334945cf893
KWP-34784,courier,delayed,A-KWP-34784,7d6f13eb-63e0-439e-9b99-8362a81ad115
BGV-24853,parcel,delayed,A-BGV-24853,ce1d1454-6ddb-4856-84a8-d4e85c2a5025
IJQ-15681,express,delayed,A-IJQ-15681,ab8d11d3-0133-4c42-848d-73fd39f1a887
ZDE-67156,courier,out for delivery,A-ZDE-67156,402ecbfb-22df-4da4-98f7-1239c5b7a7ae
ZZY-80768,airmail,out for delivery,A-ZZY-80768,657bc755-3bbd-4f7e-84a1-36f5098ae10d
TML-90641,ground,out for delivery,A-TML-90641,ae5c50fa-3c4c-44ba-ac96-ad6d34c4d3e7
YRZ-45952,airmail,out for delivery,A-YRZ-45952,6a7d2792-7723-4657-b17f-bdd63f59ae4b
SPI-53273,freight,returned,A-SPI-53273,7e497a55-bd2f-484f-911b-cd9bb8efc4fd
QTU-06974,freight,returned,A-QTU-06974,c0b61d3a-319b-4ba6-85e2-b161a002f224
LAE-59686,freight,out for delivery,A-LAE-59686,33d99b95-4133-46ce-b69a-14634e6ef75a
LJM-59667,overnight,delayed,A-LJM-59667,0a201af6-56d0-46d1-b5ba-f34b147d273f
KEQ-41571,airmail,returned,A-KEQ-41571,bb8d0446-9921-4c55-86ca-f5a92611dc71
OYG-26182,truckload,out for delivery,A-OYG-26182,ed9f3886-2996-4e29-a178-16e19cd00bf3
AJJ-15954,ground,delayed,A-AJJ-15954,e875bf60-4e73-4d1b-83aa-b08f31d28010
TJQ-17662,parcel,delivered,A-TJQ-17662,ff041909-243a-4e6e-b0c4-33e046e7986e
CIX-91983,parcel,out for delivery,A-CIX-91983,335dd0a0-cd7c-4f0a-946a-d18c94416260
CXA-47437,ground,shipped,A-CXA-47437,fb7d2ddb-b295-48ec-9381-2e510610b239
JII-43884,courier,delivered,A-JII-43884,195f36b7-dc05-418c-989e-727bb5339329
HGE-16486,express,delivered,A-HGE-16486,120148b7-3269-4434-8b27-e3cee5486f13
GEB-72421,courier,delayed,A-GEB-72421,1e223db5-b8ae-4e9c-890b-f566463ae4c7
MMJ-69667,overnight,delivered,A-MMJ-69667,9a67ecc4-323f-4723-847e-e9c3228482da
HRP-34167,overnight,returned,A-HRP-34167,8e0b4bd1-4993-411a-ad7f-7090645bfe54
EMR-54088,priority,delayed,A-EMR-54088,143193a7-14ed-47e9-85c3-5d32fa0a4cde
IYC-13702,airmail,returned,A-IYC-13702,e119b381-c8f8-470e-8766-46a2354ebaf6
VZC-17407,priority,returned,A-VZC-17407,c93a2241-ed13-451f-a779-37595ebf5943
UKW-44205,freight,delivered,A-UKW-44205,22524a30-bbef-450b-9083-ba1ac147d3cf
KFG-88294,airmail,out for delivery,A-KFG-88294,99fe81e9-c604-4020-bf72-169556746a3c
DXL-43618,parcel,returned,A-DXL-43618,e4aeb305-bc08-44ed-9321-e7809788f924
PTX-13323,airmail,delivered,A-PTX-13323,411e7c70-24ac-4ae5-87de-e9345edbcebf
FCT-14531,express,delayed,A-FCT-14531,2e5e87e2-f195-43d8-b2ab-018fdf6d2b44
NQU-01987,overnight,delayed,A-NQU-01987,83ebec35-e9ba-41c6-90a1-287d6c3c13e3
NRO-05110,parcel,out for delivery,A-NRO-05110,84ddcb8c-d831-40f0-8ab3-257a0789d33b
ARI-57457,truckload,returned,A-ARI-57457,d35cf840-2485-4d1e-a35e-a9b2cf904553
OYJ-02741,freight,returned,A-OYJ-02741,8812a537-a1de-4c61-8501-0515ae8e9a6b
RUO-63367,standard,delayed,A-RUO-63367,d0ebcd20-7d53-45cb-ad1d-2f1c137dba57
SCR-27327,overnight,returned,A-SCR-27327,82d04a5b-3f99-4f42-be2e-f7d962bf51eb
CAH-53474,courier,out for delivery,A-CAH-53474,56a6fef9-3c54-4425-b4d6-dc817d6bab37
IQU-63157,overnight,returned,A-IQU-63157,8dae67f2-0668-469b-89ed-6285ec75d1dd
HEA-58442,freight,returned,A-HEA-58442,db71abc1-4eb6-487b-b242-d53b2fe8063d
DUA-21239,express,delivered,A-DUA-21239,ebf7d2a2-c886-4c6a-89ab-fdba053d65ce
POE-41197,overnight,returned,A-POE-41197,dd659162-85b3-4925-9f4f-1e8f6a3a8df4
RDY-02139,courier,returned,A-RDY-02139,3c40b211-63b7-49f4-95ca-a8c23d442eaa
KGL-05675,parcel,delivered,A-KGL-05675,620f1eb9-da04-421e-940b-15e053c98dfb
FCW-06581,express,delivered,A-FCW-06581,3b7e0324-5f7b-4cef-b036-db6b8088f847
JVC-95394,express,returned,A-JVC-95394,c1babe5c-4a2d-4571-b709-dc6d9ce2ba69
KSK-15379,ground,returned,A-KSK-15379,91b6094e-4a3d-4d74-8f2e-ffaea01e13fa
IWF-82715,truckload,out for delivery,A-IWF-82715,40138ed6-3cac-4d6d-af24-8f072ea7633d
SZH-86572,courier,delivered,A-SZH-86572,c29cf1d9-8cf7-48c0-860d-0061a5d724d8
LUK-18981,priority,shipped,A-LUK-18981,42c63165-90b2-47dd-8dbb-2e7b3efb8bc4
SRE-70639,parcel,delivered,A-SRE-70639,0a0bcf58-a8b8-4460-81aa-509e1883baa5
ZZY-14469,truckload,returned,A-ZZY-14469,06397d42-8f44-47ae-9414-c1ec827def1f
YLT-23425,priority,delivered,A-YLT-23425,56a3c232-5215-465e-b54b-c76c9a329a8c
YHM-13224,express,shipped,A-YHM-13224,391013d6-1741-40fb-94af-7157e97a72c9
VHW-72557,priority,out for delivery,A-VHW-72557,f51c4c96-3163-4135-9d75-0460b0770b14
XSC-80700,priority,returned,A-XSC-80700,8ca14fbf-983d-4a46-b713-8dd29967e5c5
NOJ-37232,standard,out for delivery,A-NOJ-37232,0dde4c19-fb4f-4f4f-b3c3-42c5151d6180
YLS-69822,express,out for delivery,A-YLS-69822,e6617c72-e5da-4f39-9b73-4ba4086969c2
MWT-07707,standard,delayed,A-MWT-07707,708292f7-33da-4aae-9bda-d9ebdab78501
KNI-79689,ground,out for delivery,A-KNI-79689,addda7a8-7ccd-4b9e-8e89-6a3de16f16ff
VXG-59367,standard,delayed,A-VXG-59367,f1de081b-d615-421a-a867-0978422527e8
BCO-59329,priority,shipped,A-BCO-59329,9347ae9b-3c16-4bc2-929e-ff68338891fc
DYT-31206,courier,out for delivery,A-DYT-31206,d5b57fec-e51e-4934-90f5-4ad699fa45b6
BYG-41550,courier,out for delivery,A-BYG-41550,2cd5989c-efc1-4476-98e0-d78635e11463
WJT-14125,overnight,out for delivery,A-WJT-14125,7226e876-549e-4207-a740-367389706d19
KZW-92140,express,out for delivery,A-KZW-92140,9e4c0809-084c-494f-86a0-960baf6f10ee
SVS-43484,priority,delivered,A-SVS-43484,51d12302-cc87-4894-a2a6-762a194fcd2d
WXK-76748,overnight,returned,A-WXK-76748,ab9d0a4e-55a2-414a-afdc-794fecffad48
EYQ-23823,courier,delayed,A-EYQ-23823,707d5d09-31d8-418b-a093-0e5a5e072382
QRU-94573,standard,returned,A-QRU-94573,4e2823f8-7a4a-4476-8879-4beebc92d0e3
FBF-05432,airmail,shipped,A-FBF-05432,f2fbb003-56bd-486d-ad41-4b39f6d8e58f
RMP-54780,ground,returned,A-RMP-54780,d1902bce-771f-4c29-86fb-f43560a26b08
ZPQ-78910,freight,returned,A-ZPQ-78910,171ecc71-5e3a-48ac-b346-c32a1f30d7ba
ENU-63550,freight,out for delivery,A-ENU-63550,176cd5c6-f445-44f8-9545-a95f42e2ea3e
IZZ-78554,express,returned,A-IZZ-78554,d9e9fd52-5e1c-4d6a-a63f-d5c45574d2fa
YKS-47183,freight,shipped,A-YKS-47183,4b350a22-4604-4e30-a674-ff8def9705a7
BHZ-23518,express,out for delivery,A-BHZ-23518,ba566260-91f0-4a22-9b3a-0b917551e199
UUR-46166,overnight,shipped,A-UUR-46166,6fb153fa-3818-4980-a47c-e4f293a86cef
QPM-15099,parcel,returned,A-QPM-15099,97dfe091-236a-4754-8f58-d5c5bf99d29e
MXG-84542,parcel,returned,A-MXG-84542,6bb065c1-5c08-4fff-b22b-ef103afa7bfe
HJV-00142,freight,delayed,A-HJV-00142,21f718ea-f79c-429b-8838-6464fd389ff1
TEH-58652,priority,delivered,A-TEH-58652,00f15828-2fea-4fb3-813e-584f8955ceac
WTL-88134,parcel,delivered,A-WTL-88134,ec4d8be6-94ee-429d-ae24-cd7730e512a0
YYW-28076,express,out for delivery,A-YYW-28076,f58db3fb-6f38-4056-b261-6d1b5f69742e
GMD-26335,parcel,delivered,A-GMD-26335,f1a1044d-9f84-4d29-b9a7-50f3a5f383db
TLO-13546,parcel,delivered,A-TLO-13546,3332fb8f-aa66-469c-bdf1-084f39fb67b4
ZHI-58973,priority,shipped,A-ZHI-58973,372ddeb9-8566-4b50-ab2a-c29e1dd7b63d
NTZ-42790,priority,returned,A-NTZ-42790,01eb445a-274a-40ed-9243-719529efeb21
PTE-45627,airmail,delivered,A-PTE-45627,3afe78c6-c05a-442d-a130-90aa249f2480
YGN-64592,priority,returned,A-YGN-64592,c6a6bdd3-26d5-41f1-abed-6550415df61d
JKE-52922,parcel,delayed,A-JKE-52922,f14e60a9-4c32-4cf5-a95c-07566454c39d
GCZ-32454,priority,shipped,A-GCZ-32454,958031c1-dec2-44a3-87d0-5e510ed6901f
EAY-34601,freight,returned,A-EAY-34601,612e599e-d3f1-4a70-9aee-0fd8b69514b0
HWW-24459,overnight,delayed,A-HWW-24459,10d82171-385c-4b69-b82d-935179e70447
DVK-11724,priority,delayed,A-DVK-11724,51c12eb1-9605-4052-8572-8aea0e96d470
SHJ-00925,priority,returned,A-SHJ-00925,9822e15e-dd3d-4fab-a44e-b6f4210fb893
UIG-75978,parcel,delayed,A-UIG-75978,db3ad521-cb0e-4a32-b918-8b6219bbfa98
LPI-19356,airmail,returned,A-LPI-19356,ee36d77f-8d49-4615-bdcb-edc090c27a20
GNI-76639,overnight,returned,A-GNI-76639,b5fa48a4-7b59-48e5-aa01-bdafbcb4e369
VUF-41526,truckload,delayed,A-VUF-41526,e7e358b0-e359-424f-bef2-583c59a38489
XVD-47281,truckload,delayed,A-XVD-47281,7f4b9174-0981-4ec8-a923-73524b29e744
IKL-51929,priority,delivered,A-IKL-51929,5e997801-9763-422c-b261-1ab21a191c8e
CYM-44377,overnight,delayed,A-CYM-44377,c1b44847-6779-4db5-bc9f-b956369d5a5e
LTM-52652,parcel,returned,A-LTM-52652,774a7731-7145-4e52-aed9-b949b588199f
NEH-97159,standard,delivered,A-NEH-97159,8799fbd3-624f-4206-9406-aac220b35774
DIS-29870,parcel,delivered,A-DIS-29870,22a8fe35-2deb-434a-97a8-302446ae94ce
VGS-64747,truckload,out for delivery,A-VGS-64747,b48b2d6f-9360-4731-9278-69d65923c47d
MMA-10445,freight,delayed,A-MMA-10445,3c8815d4-c5da-4788-b532-90f76b97423e
RYE-30653,courier,shipped,A-RYE-30653,890b7a33-7e5a-4e43-934b-93c609a0503d
VBF-66169,priority,out for delivery,A-VBF-66169,414e4f38-1c2b-4b49-972b-8bf1a230d926
BXA-22860,truckload,shipped,A-BXA-22860,d14898d1-2fa7-4a66-9ad6-6f89f701babd
NJO-69296,express,delivered,A-NJO-69296,4cf7cf3d-985e-4038-b71f-a3ff97535eac
MLK-68383,overnight,shipped,A-MLK-68383,4a8f189b-1dea-4ffd-8e4d-905546656a69
AOJ-73434,parcel,delayed,A-AOJ-73434,68593fd0-6199-48e3-b6ae-02ef001eb064
NTW-08882,ground,delayed,A-NTW-08882,289eff66-a6d0-41cf-b341-a0b71d150f3f
POA-38149,ground,out for delivery,A-POA-38149,a82bd2ed-681e-474e-b7f8-32c30e5d2058
UBD-07568,priority,shipped,A-UBD-07568,eab60874-7ad3-4c65-ba98-4d0c5d606866
RUP-04758,ground,returned,A-RUP-04758,c250f151-4b9d-42da-b3c5-3263d9264570
FIA-60158,parcel,returned,A-FIA-60158,fa0a133d-cd13-46fb-b11a-4fe92471276c
JSK-62208,airmail,delayed,A-JSK-62208,2279eef3-050e-4e30-94b1-07ff79c54205
JES-02285,airmail,out for delivery,A-JES-02285,7936fcbf-e133-4175-aa86-18e4acb76acc
TNX-59660,priority,delayed,A-TNX-59660,28b61c34-775f-43f5-a545-8bfa111cc916
XXK-61880,truckload,delivered,A-XXK-61880,e296edff-2332-4891-b45d-5551508692dc
DOJ-14511,overnight,out for delivery,A-DOJ-14511,bc6ea103-e58e-4f1a-80c6-225bbd85b701
ZYN-60769,ground,out for delivery,A-ZYN-60769,1b0980e7-f662-4bb1-a46c-de25dc7123cc
ICS-07582,freight,delayed,A-ICS-07582,0c683674-dd4b-4f93-b20a-1e420639a96c
AXQ-42281,standard,out for delivery,A-AXQ-42281,7d5077be-0db8-4181-86e0-ce37ef02e65a
YIG-95564,truckload,delayed,A-YIG-95564,e8c2e8d8-b7d4-49de-ba46-c37ac2360129
HAK-86449,overnight,delayed,A-HAK-86449,fae15e89-6b6a-4977-a8b6-b2db0ee78bcf
KUU-19784,overnight,delivered,A-KUU-19784,ac6cb891-b853-4d2b-a55d-9a061a7aeb1f
SCX-81237,priority,out for delivery,A-SCX-81237,b10c3ce4-8831-4a0c-9a6b-e98696fd625f
TJU-52466,standard,delivered,A-TJU-52466,125c0272-9612-4116-a01d-b0bfafd48fd3
HUE-68155,ground,returned,A-HUE-68155,69124581-6c62-44e0-ac45-cf2306178fcc
FZP-81251,airmail,shipped,A-FZP-81251,e34cc296-0ce3-4029-8952-a85c53194e62
ZJY-02828,parcel,returned,A-ZJY-02828,752a40a5-a3e2-468e-a498-034d17b26dfc
NCS-94857,ground,returned,A-NCS-94857,05ce6c75-4a20-45d9-9497-83392c0b5458
VAI-84449,freight,out for delivery,A-VAI-84449,dac6d82c-3051-468e-85fd-25e44ad8d7f0
QQJ-48657,priority,shipped,A-QQJ-48657,22f4d1e5-8a3a-432d-b824-ed63aa38f7dd
BIS-07742,priority,delayed,A-BIS-07742,68f567c3-705a-4fa6-8f68-c27eab4875c5
XIO-28726,courier,delayed,A-XIO-28726,739e9aa0-fec8-4e25-ad52-4e95cf6cb94d
QPX-72312,overnight,out for delivery,A-QPX-72312,67abb575-461d-4eec-966f-edd60f29c4ac
UGW-89615,standard,delivered,A-UGW-89615,d60425cc-296d-47a5-869c-59041533f5a7
DUL-87166,overnight,delivered,A-DUL-87166,98893322-6c2c-4043-80b9-0fab4f648dca
DLG-56415,truckload,delayed,A-DLG-56415,fdd2469b-349d-4b8f-b41d-d9f09539af89
LAG-16695,standard,shipped,A-LAG-16695,69a80957-75ae-4ac2-a124-364bed3ea536
AGX-69017,courier,delayed,A-AGX-69017,6f1db5d2-a1d6-446d-a6a7-fc5675108534
EWB-32684,ground,delayed,A-EWB-32684,2a34c773-a085-47ed-93dd-661a88ff9251
XMT-71040,standard,out for delivery,A-XMT-71040,c28db19a-1f6a-46d4-bb3a-34209ee5644a
ICC-99521,parcel,out for delivery,A-ICC-99521,4dd208be-b059-4356-a17e-92ce8a1bc1d4
ZMQ-52290,overnight,returned,A-ZMQ-52290,c67fdfed-3d5f-44af-94d8-3fe7c62ebd09
HNP-76876,truckload,delayed,A-HNP-76876,b83fd048-80da-426e-89c7-cc5d77735b5d
MSX-56988,courier,delivered,A-MSX-56988,3a0ba63c-63c5-4570-be48-9402dce8b8aa
CCC-65669,courier,out for delivery,A-CCC-65669,6ced9d3d-60c4-4877-ad99-560f1ed270d4
MGU-19135,ground,delayed,A-MGU-19135,3e11cc05-0e8e-470b-84e0-518d1c696ce3
PXE-28439,courier,shipped,A-PXE-28439,9a0bf32e-02b6-4939-b7db-c102093bba2a
WTV-24522,express,delayed,A-WTV-24522,c7a842dd-a9a0-4412-b684-3b960470d1c3
LJM-32158,parcel,shipped,A-LJM-32158,dac5cd3c-4b6b-492e-b7d0-75deb8e03779
UPU-24968,express,shipped,A-UPU-24968,d862d5ca-aefa-41ef-9e30-8399d59ad855
KRK-98174,parcel,returned,A-KRK-98174,7f77d246-ed24-4d14-9087-c439968c66e6
QQU-83626,standard,returned,A-QQU-83626,79d673e8-cbfe-4711-b675-9eb28c516c91
IAS-82699,airmail,out for delivery,A-IAS-82699,79018152-8014-45a4-abcc-1dc7efdcc072
PLW-49583,airmail,delivered,A-PLW-49583,feeaba5e-c160-48d8-8a6f-8b1164dcb734
KTB-11837,truckload,shipped,A-KTB-11837,bc5aec34-ec78-486b-9c2a-23641083fe1c
UUD-00518,freight,delayed,A-UUD-00518,a301ecdf-309d-4a00-ad3b-121003d25d3d
ULU-83468,priority,delayed,A-ULU-83468,5f67d858-8cce-41ca-b6b8-32c5c5ab771e
MPT-86934,overnight,shipped,A-MPT-86934,625b8ea9-4bfe-4f86-8d55-ddf440980266
OWM-68688,ground,out for delivery,A-OWM-68688,d7898d60-a393-4528-9dde-77a07065b49e
GAZ-03231,priority,delivered,A-GAZ-03231,bdb1b20d-4015-4099-8078-849ddfd293ba
NUH-67861,courier,delivered,A-NUH-67861,5c302fe4-b883-48c4-919e-c3dc547de28e
ZGI-84369,express,out for delivery,A-ZGI-84369,1258ba01-491c-41c9-ad6f-8985bcfb80e6
APC-01768,truckload,delayed,A-APC-01768,8b63a950-989b-44b0-801d-e6d67bd2636d
ZIJ-65662,standard,delivered,A-ZIJ-65662,24cb7512-6d2b-4723-ba96-c9149056c8cf
PYM-68349,parcel,delivered,A-PYM-68349,004c93e0-dfc1-4190-bba7-2a018079b354
YQU-81456,freight,delivered,A-YQU-81456,38219195-5981-4641-9b3d-999c9768fb10
DBP-24429,overnight,out for delivery,A-DBP-24429,1daff4fd-f984-4f29-8ba8-a3fd52917aad
VSM-53471,standard,out for delivery,A-VSM-53471,7ffe87aa-0086-407c-81b2-8e220d7f19ad
FOO-44106,standard,delivered,A-FOO-44106,4f09fadc-d1d2-43f7-894e-2d365deb89ab
XTK-90532,express,out for delivery,A-XTK-90532,cf5535d4-7bef-4322-adaf-15e7f9dc1d2b
DDE-74819,freight,shipped,A-DDE-74819,b737d891-0688-4753-9930-9a4ef7e851a6
BSH-38777,ground,out for delivery,A-BSH-38777,525e8731-42cd-4ea5-ba7e-565bc4c67a28
FMY-46392,standard,out for delivery,A-FMY-46392,e7a04533-ea32-4b19-849d-0db6849300a8
UDK-78779,express,delayed,A-UDK-78779,fdf2b6b5-f16f-4d6a-be45-2a08a139c10b
SBV-33758,ground,shipped,A-SBV-33758,03718afe-c1bb-4b2b-a4cc-837087a6bf6d
QHK-74746,freight,delivered,A-QHK-74746,d2301678-f319-4430-abe8-7e3d4c7909c2
KDM-30579,truckload,out for delivery,A-KDM-30579,7095e625-6f2e-4a2f-a8fb-0d502e91390e
JCQ-09224,courier,shipped,A-JCQ-09224,fb94c48c-d723-4f92-96ac-0cb37b1a4f57
QNA-93735,priority,out for delivery,A-QNA-93735,c24b1b04-8f5a-4d05-b418-5d5ad26f7e1b
ZWJ-10125,express,delayed,A-ZWJ-10125,606e23b3-f509-483f-ad81-804128b68d8b
LTD-38334,freight,out for delivery,A-LTD-38334,d0124a10-55e1-443a-b461-a075eae91863
VEU-52201,express,returned,A-VEU-52201,d1b8acf5-ecff-4acf-8a06-6b782e309dda
QTN-24773,freight,out for delivery,A-QTN-24773,f37cdde8-db66-4d9a-a2f0-f396cce49252
RRC-98678,standard,out for delivery,A-RRC-98678,df26227c-86f6-4706-8362-20db442fb8a5
FMK-45964,parcel,delayed,A-FMK-45964,39760aaf-b28c-46bf-9401-3dc099c80742
QMB-42913,truckload,delayed,A-QMB-42913,bd0ff002-3538-4c7d-999f-c4de217ab413
VML-90123,parcel,delivered,A-VML-90123,97dee109-d915-4841-bf12-3205d1c3a912
QGZ-86770,standard,shipped,A-QGZ-86770,03fe6505-7afa-4111-a2e0-10a18aa3cee9
QNK-21884,airmail,delayed,A-QNK-21884,22560953-2c68-4934-89a3-db81fd2fbb1d
RCE-74356,courier,returned,A-RCE-74356,30a46ac9-d82a-433e-90db-02d7ad4fffcc
QUK-15821,priority,delayed,A-QUK-15821,004023f8-89c0-462d-8d0b-ebdaae4ac544
XLR-65815,courier,delivered,A-XLR-65815,18b09293-ccff-43ea-96f8-2803ea579f86
AFW-66138,overnight,delayed,A-AFW-66138,07de224d-997a-43d3-8c69-1ea17d220b95
IQS-21743,express,shipped,A-IQS-21743,224e2ae9-004a-4b23-9456-e6e00a186231
PNA-60587,overnight,returned,A-PNA-60587,a28e762a-e0a6-497f-b3b9-9c7cb8d8b342
PFB-50825,priority,returned,A-PFB-50825,e87d0aa0-28de-48b8-85ce-48c411b1844b
KNV-44610,priority,returned,A-KNV-44610,404a857a-e1ae-4341-9cc5-df0ab929e6c8
IXR-04321,standard,delayed,A-IXR-04321,5f617284-cb7d-48ad-90ae-3db511ae2d2f
UIJ-93892,ground,delivered,A-UIJ-93892,9e32ba80-b7db-4bae-9bd8-ddd7215af845
TPX-63014,airmail,shipped,A-TPX-63014,a6b4c2bb-afdd-47fb-b6de-094a1e746a2b
VSI-91745,parcel,out for delivery,A-VSI-91745,1e444cbc-dbbb-49e8-af3b-4fe2ddc42678
TGR-48548,truckload,out for delivery,A-TGR-48548,704d3657-406b-4ad3-85d3-1b61fe990b1c
FJN-80678,freight,delivered,A-FJN-80678,0c2435e5-8c98-4e31-8ac8-b4e8736b5313
NDT-13901,priority,delivered,A-NDT-13901,6b1ddbc3-2067-4ee1-ae33-4841815504c5
QZA-08469,standard,delivered,A-QZA-08469,5c0bb2bd-bb51-4885-bc96-8b4767cb85fc
BEJ-75137,standard,out for delivery,A-BEJ-75137,f74c5c14-095b-4eae-959a-a278b85f7775
AHO-09209,overnight,delayed,A-AHO-09209,e12d5e67-9a6b-421d-86b7-5392d682853e
QKN-03516,truckload,out for delivery,A-QKN-03516,5f7411b3-e5b1-4efd-b614-ca33a923d9f2
BGN-68986,parcel,delivered,A-BGN-68986,648abef5-7fc1-4d9d-abde-547734ac251d
VWR-42732,freight,delivered,A-VWR-42732,140e1fe3-5c53-41c9-8043-e1401d696650
NLW-98713,parcel,shipped,A-NLW-98713,f0c5a39c-41e5-42ae-981d-83c5bd4f149b
IHQ-86490,courier,delivered,A-IHQ-86490,850400e5-9a9f-4a6e-b164-f16a8c0780ae
CIH-52506,overnight,shipped,A-CIH-52506,fe1900f8-cb25-46b6-9fdd-1e8c6a33fcd9
LED-69134,ground,out for delivery,A-LED-69134,4af3cdb6-cdd0-4e5b-aa0f-8506872ac348
MIP-26327,priority,out for delivery,A-MIP-26327,3a38e5da-164f-44d8-bbc0-c5b52734fe77
UFI-48558,overnight,delivered,A-UFI-48558,ae42722e-c55d-4820-b5bf-d9bef7035dab
JVA-90505,standard,out for delivery,A-JVA-90505,623f0f94-b3b4-4dbf-bfde-41a66994bdca
YXL-14030,freight,out for delivery,A-YXL-14030,5aa12cc8-3634-43ff-9ffe-91033cd75fbc
CIT-45280,parcel,shipped,A-CIT-45280,c5ab5693-e596-4bee-9965-d6cc99ce72f4
HTD-12367,standard,returned,A-HTD-12367,728dd61a-4f58-46b0-a634-9ae7d4ff1c37
EXR-99791,truckload,delayed,A-EXR-99791,1f148f02-e1f8-4b5e-a07f-40e22ace03e8
SNM-90126,express,delayed,A-SNM-90126,fadc74fc-1e3c-4451-aafe-ceee51ae4259
FPS-10159,courier,out for delivery,A-FPS-10159,8e6e6a27-271e-4ee4-a289-4453d5e66ba4
AIR-77248,parcel,out for delivery,A-AIR-77248,66715dc8-9775-4d19-aa8d-f7bbf9ef086a
EOV-29622,overnight,out for delivery,A-EOV-29622,0b1d6d9c-bcff-4ba8-b46e-1cf9c0bc0ab9
RVQ-69259,priority,shipped,A-RVQ-69259,06828466-5303-4513-bf7f-1ada5cc75af2
UGM-39967,freight,out for delivery,A-UGM-39967,12411945-5d90-4f5e-9ea2-a3bac4e21f3c
JQX-01785,priority,out for delivery,A-JQX-01785,9544c7e8-8236-49bd-a7b2-d10aabba9eb3
HMM-87657,parcel,delayed,A-HMM-87657,c41f9f28-e016-4083-826c-ed5cc378988e
JDZ-46807,express,out for delivery,A-JDZ-46807,8102cb07-9c21-4e4f-bdb6-e92d6207e2da
TZZ-56960,airmail,returned,A-TZZ-56960,497d39e0-bfc6-4e9a-a9c3-7c613f1c3ab4
LQW-93851,ground,shipped,A-LQW-93851,6a2f09d1-a060-419c-b866-9bfb824fee84
FLN-91785,ground,delayed,A-FLN-91785,43cf0163-37b7-469c-b0e5-9e46069bc5dd
QLM-68637,parcel,returned,A-QLM-68637,d4428375-d329-4f8b-b29a-c05f38695b05
FUF-54113,express,returned,A-FUF-54113,36e52789-c0fd-4be1-b08e-19d5e1bc88bb
ZCE-14171,express,delayed,A-ZCE-14171,67b7e9df-f4cf-4e11-8b5d-ce1d6f6f3eb8
GKG-61060,courier,delivered,A-GKG-61060,2a7db6dc-b348-4cfd-9f3a-a21ad4c543ec
YNC-00796,ground,out for delivery,A-YNC-00796,68ed30fe-f887-44ff-94ca-e1e2aeaa9af6
DCD-29828,ground,out for delivery,A-DCD-29828,352da304-48ba-469c-baf3-cfdc993b4abb
CYT-48537,overnight,delayed,A-CYT-48537,74421dab-1f00-4191-bf59-72b16d2d5675
JRR-80185,overnight,delayed,A-JRR-80185,0008d32f-dd4b-4c6b-a76d-40ef28cfb2db
VPI-04430,standard,delayed,A-VPI-04430,43463aeb-8da1-4fcb-b2cb-1d32ec5f3c3f
TRS-30767,standard,shipped,A-TRS-30767,bc5eb9e5-339f-41fb-ad49-1f93e16329e1
JWN-82668,overnight,delayed,A-JWN-82668,c61358b2-f706-4b5c-ab46-f1b8d443fec3
TXO-90762,priority,out for delivery,A-TXO-90762,e5a28fbb-9fb9-4e01-b551-3edca8007108
EQH-41157,truckload,out for delivery,A-EQH-41157,69f887c0-faf1-48f8-80c5-aa83b05d6935
UHS-19087,overnight,delivered,A-UHS-19087,7fa86c07-6746-4370-b4ff-2076985b083c
XDV-26179,airmail,out for delivery,A-XDV-26179,ff60b96d-31ae-4299-86f4-0bfd9b582c9b
DDK-78895,overnight,delivered,A-DDK-78895,82a785ae-76c6-4dd6-838f-3acf53ed1473
NWB-87449,parcel,out for delivery,A-NWB-87449,55c421c0-a275-4365-b9eb-a2aed5fff181
PPQ-61775,freight,shipped,A-PPQ-61775,123109de-7007-48b0-ad71-714d10f328f5
UGL-64107,parcel,delayed,A-UGL-64107,a9f5b7b9-5bf7-4cb2-8426-690a613dd336
KZN-82278,courier,shipped,A-KZN-82278,22eb0bdf-b770-4d4f-806a-54f681eee14f
GCV-82748,truckload,delayed,A-GCV-82748,2bd69aae-866c-4c29-8193-6c478ede9d7f
VRD-83323,priority,returned,A-VRD-83323,43fdd78d-c617-4b03-bf31-56e3412b2f97
ZPC-98889,courier,delivered,A-ZPC-98889,8ab17950-3313-4206-af58-3b5572f87f89
YVL-56905,parcel,delivered,A-YVL-56905,fb6a830e-bb43-4e7f-b702-f8c8606c1ba9
QVD-94116,freight,returned,A-QVD-94116,288ed371-8f1e-4fc6-a2e3-2991b9cac107
FZR-57246,priority,out for delivery,A-FZR-57246,cd0544a9-0374-472f-9c12-82946222e470
FND-75160,express,delivered,A-FND-75160,29262fb4-f2dc-45f9-8add-845cb344838d
QXK-22891,freight,out for delivery,A-QXK-22891,f3be660a-ab06-411c-a9ef-1264c7e4f0b2
AKM-37896,priority,delayed,A-AKM-37896,9da3977b-4d19-4f4c-aabd-25ef59a82a62
BCR-00831,airmail,shipped,A-BCR-00831,8a261329-9af9-47df-87c7-34510b22795b
ZLW-45405,freight,out for delivery,A-ZLW-45405,fc03eadc-2947-4974-ac3e-be880a2d2b5d
UZT-05381,courier,returned,A-UZT-05381,e9575426-84fb-4dbe-83a3-edc889cc799f
QBZ-02779,airmail,delayed,A-QBZ-02779,a2975688-77a9-4140-8aa3-b16dd805d0e3
UQK-28043,airmail,delivered,A-UQK-28043,0f7fc924-07ac-4815-ba4b-84cf767687b3
DOF-13139,priority,delayed,A-DOF-13139,20630a75-9550-423b-8437-fd62f77e7c9b
NEM-81652,overnight,delivered,A-NEM-81652,512984e3-c6e5-4b3b-a705-d7bafe71cd95
QOU-48886,truckload,out for delivery,A-QOU-48886,5d7213d7-5566-49b7-9e4e-201c90b5b828
ZFY-12077,freight,delivered,A-ZFY-12077,803f2ccc-e1b3-448d-9cab-374f938d5f77
AJF-50197,freight,shipped,A-AJF-50197,86cd4e00-b32e-4e76-acc2-60b4d667d0e7
UKT-19648,courier,out for delivery,A-UKT-19648,7c41caa5-18b3-470d-8f70-badf62e812c0
DDF-99711,parcel,delayed,A-DDF-99711,4398f5a0-6b04-470d-9718-ad8dda5be704
RWJ-49085,freight,delivered,A-RWJ-49085,c3dde098-0445-4ae5-9724-b3e758673f4a
EEF-42944,airmail,delayed,A-EEF-42944,462dc240-1fef-4d7c-86d5-2e770d4818e2
JMH-88330,express,out for delivery,A-JMH-88330,70187819-0410-48de-8a76-9031fe20086b
EGX-96267,courier,out for delivery,A-EGX-96267,b3298ac0-4c48-4c2d-b5dd-c022233fb5d7
HCI-82099,freight,delivered,A-HCI-82099,7bf02aee-9b9a-43c3-8196-abea315de366
GOO-46071,priority,delivered,A-GOO-46071,43e72366-911f-49c1-8a2f-17ec9c049c83
MBO-11389,ground,delayed,A-MBO-11389,f7c3aa63-3240-4099-bdee-e7d6ab577c04
YJB-45844,airmail,shipped,A-YJB-45844,4c28d405-8514-4639-8ffb-672657cab3bf
QYD-59778,overnight,delayed,A-QYD-59778,f0329fb7-5427-4bc4-bb1b-a0a88ac8f2ce
LWE-18087,standard,delayed,A-LWE-18087,0aa7b3ef-b4c8-4045-a225-7e3e0bf2029b
MCY-44994,airmail,delivered,A-MCY-44994,fbf7b0af-87ec-4b19-8168-39d977ebe0d9
OTL-23680,standard,out for delivery,A-OTL-23680,5b05a975-0daa-4e6e-bc60-bcbb9c5651e4
FSF-24402,truckload,shipped,A-FSF-24402,1f95bfd1-c9e2-4699-b1f9-3a860ca1f607
PXO-00479,standard,delivered,A-PXO-00479,cc960840-4372-4ea7-8718-ae25b3c292e7
FXX-31379,freight,delivered,A-FXX-31379,2048f876-5b81-411d-a3c6-6c9d2b6e62a2
NOK-69162,freight,delivered,A-NOK-69162,22b0cd09-e117-4b90-8925-bc02c6c496fa
UEI-48215,standard,delayed,A-UEI-48215,45c9a8dd-8f45-4caa-81d0-dab032649517
HEA-28649,courier,shipped,A-HEA-28649,29edabc1-c751-4fbf-87b6-9daa4696e1c1
NBL-63912,express,delivered,A-NBL-63912,5d08089b-8c40-4141-910d-99ef66cb8853
XOO-91709,overnight,delayed,A-XOO-91709,f4e5c57e-cc54-4a3f-aea1-ada78700df0b
ITF-74124,priority,delayed,A-ITF-74124,b92e1be2-2bcb-4337-94dc-543a3e093836
IMV-36141,ground,delayed,A-IMV-36141,4ecb3f14-67d3-40bc-bad2-5701ded6c0ca
HAA-52810,priority,returned,A-HAA-52810,f9ace297-d371-4698-a294-e7a46be8c353
EQB-05280,priority,shipped,A-EQB-05280,d6d1c0ab-ff58-4568-98ac-10bf5b3a2d97
IHO-25195,freight,delayed,A-IHO-25195,98616da7-ede2-487f-9795-1eba50640492
ZVR-05991,truckload,delayed,A-ZVR-05991,c7edde2c-1172-4aff-bcbc-ec59c09e210f
NBG-71108,airmail,delivered,A-NBG-71108,2252f760-04de-43e3-8bf6-0c13ea65a4e2
JFI-74685,priority,delayed,A-JFI-74685,e7a2f9a9-25e9-484c-9269-1d290e1ed634
EYW-62171,airmail,delayed,A-EYW-62171,3a136a48-34c3-4d34-99d5-087b3f8a3f12
AYP-00297,express,delivered,A-AYP-00297,1c8ddc25-c59f-4821-bcbf-616616f44c65
